,node_1,node_2,start_of_interaction,end_of_interaction,duration,distance,angle
2486,fly5,fly1,0,30,31,,
1406,fly1,fly5,0,36,37,,
756,fly2,fly10,0,13,14,,
716,fly2,fly5,0,21,22,,
620,fly2,fly6,6,43,38,,
1746,fly6,fly10,9,23,15,,
1496,fly6,fly2,11,29,19,,
2051,fly7,fly9,14,31,18,,
1323,fly1,fly2,31,73,43,,
2629,fly8,fly3,31,53,23,,
600,fly2,fly1,36,72,37,,
1362,fly1,fly6,44,64,21,,
1694,fly6,fly5,44,74,31,,
1569,fly6,fly12,44,105,62,,
1422,fly1,fly10,46,245,200,,
2983,fly10,fly1,49,387,339,,
2156,fly7,fly11,49,89,41,,
1858,fly4,fly11,50,93,44,,
919,fly11,fly4,50,67,18,,
2466,fly5,fly12,56,100,45,,
2272,fly7,fly4,56,116,61,,
1943,fly4,fly7,56,89,34,,
1612,fly6,fly1,61,75,15,,
1497,fly6,fly2,71,101,31,,
2420,fly5,fly2,73,89,17,,
1246,fly12,fly5,81,100,20,,
1695,fly6,fly5,85,101,17,,
571,fly2,fly12,88,113,26,,
1164,fly12,fly6,90,151,62,,
1100,fly12,fly2,98,186,89,,
1944,fly4,fly7,101,122,22,,
621,fly2,fly6,104,143,40,,
1696,fly6,fly5,110,153,44,,
2765,fly8,fly4,112,270,159,,
2005,fly4,fly8,112,269,158,,
2157,fly7,fly11,131,147,17,,
2495,fly5,fly6,141,176,36,,
572,fly2,fly12,151,174,24,,
1498,fly6,fly2,170,192,23,,
1165,fly12,fly6,173,199,27,,
472,fly3,fly8,190,509,320,,
2158,fly7,fly11,201,219,19,,
1570,fly6,fly12,204,220,17,,
1166,fly12,fly6,217,251,35,,
1128,fly12,fly11,218,240,23,,
2421,fly5,fly2,219,234,16,,
881,fly11,fly6,223,242,20,,
717,fly2,fly5,229,256,28,,
1652,fly6,fly7,230,245,16,,
852,fly11,fly12,233,249,17,,
980,fly11,fly5,243,273,31,,
1571,fly6,fly12,245,273,29,,
2467,fly5,fly12,248,279,32,,
112,fly9,fly1,250,403,154,,
1529,fly6,fly11,250,292,43,,
2438,fly5,fly11,260,307,48,,
1697,fly6,fly5,263,290,28,,
2496,fly5,fly6,263,292,30,,
2191,fly7,fly12,272,287,16,,
2422,fly5,fly2,274,291,18,,
1302,fly1,fly9,283,391,109,,
718,fly2,fly5,286,303,18,,
2216,fly7,fly1,294,307,14,,
1391,fly1,fly7,295,313,19,,
824,fly11,fly2,302,360,59,,
981,fly11,fly5,303,372,70,,
2423,fly5,fly2,308,328,21,,
882,fly11,fly6,311,374,64,,
1530,fly6,fly11,318,378,61,,
622,fly2,fly6,326,392,67,,
719,fly2,fly5,329,380,52,,
545,fly2,fly11,330,344,15,,
1653,fly6,fly7,331,345,15,,
2301,fly7,fly5,335,385,51,,
2231,fly7,fly6,339,375,37,,
947,fly11,fly7,342,378,37,,
2159,fly7,fly11,342,367,26,,
2119,fly7,fly2,348,379,32,,
678,fly2,fly7,349,415,67,,
1499,fly6,fly2,360,382,23,,
546,fly2,fly11,362,383,22,,
1654,fly6,fly7,391,413,23,,
2232,fly7,fly6,392,413,22,,
2424,fly5,fly2,398,411,14,,
3041,fly10,fly4,416,438,23,,
948,fly11,fly7,420,436,17,,
1531,fly6,fly11,422,438,17,,
2120,fly7,fly2,426,439,14,,
2233,fly7,fly6,429,447,19,,
1655,fly6,fly7,431,448,18,,
2160,fly7,fly11,432,447,16,,
2439,fly5,fly11,450,492,43,,
679,fly2,fly7,451,474,24,,
2497,fly5,fly6,458,499,42,,
2302,fly7,fly5,459,480,22,,
2547,fly5,fly7,459,487,29,,
949,fly11,fly7,463,486,24,,
1303,fly1,fly9,469,507,39,,
883,fly11,fly6,470,486,17,,
1698,fly6,fly5,472,497,26,,
1532,fly6,fly11,473,489,17,,
623,fly2,fly6,483,507,25,,
113,fly9,fly1,487,509,23,,
2161,fly7,fly11,495,509,15,,
2234,fly7,fly6,498,515,18,,
2303,fly7,fly5,501,523,23,,
982,fly11,fly5,501,523,23,,
2548,fly5,fly7,510,574,65,,
1699,fly6,fly5,510,600,91,,
473,fly3,fly8,520,546,27,,
2440,fly5,fly11,525,538,14,,
2498,fly5,fly6,530,573,44,,
2847,fly8,fly10,535,558,24,,
1834,fly4,fly2,538,588,51,,
1572,fly6,fly12,545,576,32,,
884,fly11,fly6,545,559,15,,
950,fly11,fly7,546,575,30,,
1533,fly6,fly11,546,600,55,,
2441,fly5,fly11,552,574,23,,
1247,fly12,fly5,571,597,27,,
885,fly11,fly6,578,591,14,,
2235,fly7,fly6,601,620,20,,
983,fly11,fly5,601,632,32,,
2304,fly7,fly5,601,623,23,,
853,fly11,fly12,601,633,33,,
1656,fly6,fly7,603,623,21,,
1573,fly6,fly12,611,693,83,,
1700,fly6,fly5,614,675,62,,
2468,fly5,fly12,617,642,26,,
1129,fly12,fly11,626,770,145,,
1032,fly11,fly10,628,745,118,,
1248,fly12,fly5,632,649,18,,
1167,fly12,fly6,635,768,134,,
1534,fly6,fly11,635,697,63,,
782,fly11,fly9,641,662,22,,
1747,fly6,fly10,643,729,87,,
242,fly9,fly10,643,677,35,,
1249,fly12,fly5,657,677,21,,
1288,fly12,fly10,669,770,102,,
783,fly11,fly9,678,742,65,,
2869,fly10,fly9,681,701,21,,
2595,fly5,fly10,683,783,101,,
2388,fly5,fly9,683,703,21,,
2499,fly5,fly6,683,727,45,,
2469,fly5,fly12,683,774,92,,
2442,fly5,fly11,683,761,79,,
243,fly9,fly10,684,703,20,,
886,fly11,fly6,686,735,50,,
1442,fly6,fly9,691,739,49,,
2192,fly7,fly12,696,749,54,,
2870,fly10,fly9,703,811,109,,
2389,fly5,fly9,708,765,58,,
3004,fly10,fly6,713,811,99,,
1250,fly12,fly5,719,766,48,,
680,fly2,fly7,738,774,37,,
2939,fly10,fly11,738,804,67,,
784,fly11,fly9,745,821,77,,
1443,fly6,fly9,746,810,65,,
720,fly2,fly5,746,770,25,,
887,fly11,fly6,759,772,14,,
573,fly2,fly12,763,777,15,,
2443,fly5,fly11,769,786,18,,
2305,fly7,fly5,771,804,34,,
2121,fly7,fly2,772,846,75,,
2500,fly5,fly6,773,799,27,,
1535,fly6,fly11,781,794,14,,
721,fly2,fly5,787,829,43,,
681,fly2,fly7,787,829,43,,
2425,fly5,fly2,787,800,14,,
757,fly2,fly10,789,829,41,,
888,fly11,fly6,791,815,25,,
624,fly2,fly6,793,829,37,,
547,fly2,fly11,795,829,35,,
127,fly9,fly6,799,864,66,,
2426,fly5,fly2,806,820,15,,
1033,fly11,fly10,808,821,14,,
244,fly9,fly10,809,856,48,,
2306,fly7,fly5,811,831,21,,
1444,fly6,fly9,812,858,47,,
1748,fly6,fly10,812,879,68,,
1574,fly6,fly12,813,827,15,,
1536,fly6,fly11,813,834,22,,
951,fly11,fly7,822,882,61,,
1251,fly12,fly5,822,985,164,,
1101,fly12,fly2,822,852,31,,
29,fly9,fly2,823,938,116,,
194,fly9,fly5,823,888,66,,
2549,fly5,fly7,825,867,43,,
2470,fly5,fly12,826,882,57,,
1057,fly12,fly9,829,943,115,,
1289,fly12,fly10,829,1035,207,,
2444,fly5,fly11,829,925,97,,
60,fly9,fly11,829,880,52,,
1130,fly12,fly11,829,1008,180,,
2390,fly5,fly9,830,902,73,,
170,fly9,fly7,834,885,52,,
85,fly9,fly12,837,880,44,,
854,fly11,fly12,842,861,20,,
1102,fly12,fly2,855,892,38,,
2596,fly5,fly10,855,895,41,,
2162,fly7,fly11,857,916,60,,
2193,fly7,fly12,857,1019,163,,
2052,fly7,fly9,857,890,34,,
3005,fly10,fly6,862,957,96,,
2501,fly5,fly6,868,881,14,,
984,fly11,fly5,869,882,14,,
2427,fly5,fly2,870,912,43,,
825,fly11,fly2,872,888,17,,
2907,fly10,fly2,883,1037,155,,
855,fly11,fly12,889,1007,119,,
952,fly11,fly7,889,903,15,,
1537,fly6,fly11,891,952,62,,
1500,fly6,fly2,891,907,17,,
1445,fly6,fly9,891,907,17,,
2471,fly5,fly12,896,938,43,,
1907,fly4,fly1,897,924,28,,
2597,fly5,fly10,898,913,16,,
2363,fly7,fly10,902,918,17,,
1749,fly6,fly10,902,957,56,,
2502,fly5,fly6,906,922,17,,
1701,fly6,fly5,906,968,63,,
245,fly9,fly10,908,931,24,,
2307,fly7,fly5,913,930,18,,
1501,fly6,fly2,917,1004,88,,
2940,fly10,fly11,917,949,33,,
195,fly9,fly5,918,943,26,,
86,fly9,fly12,919,943,25,,
2550,fly5,fly7,924,939,16,,
3087,fly10,fly5,929,975,47,,
2598,fly5,fly10,930,962,33,,
758,fly2,fly10,937,1015,79,,
722,fly2,fly5,947,982,36,,
1538,fly6,fly11,954,990,37,,
246,fly9,fly10,963,1015,53,,
196,fly9,fly5,964,1020,57,,
2965,fly10,fly12,969,1031,63,,
1103,fly12,fly2,970,1034,65,,
500,fly2,fly9,971,1007,37,,
574,fly2,fly12,972,1002,31,,
2871,fly10,fly9,973,1027,55,,
1058,fly12,fly9,973,1021,49,,
682,fly2,fly7,975,1004,30,,
1446,fly6,fly9,975,1025,51,,
3063,fly10,fly7,978,1023,46,,
2391,fly5,fly9,984,1018,35,,
3006,fly10,fly6,984,1032,49,,
2599,fly5,fly10,985,1007,23,,
1750,fly6,fly10,985,1032,48,,
2472,fly5,fly12,987,1055,69,,
2551,fly5,fly7,988,1055,68,,
826,fly11,fly2,990,1024,35,,
458,fly3,fly5,992,1010,19,,
1168,fly12,fly6,998,1011,14,,
171,fly9,fly7,1000,1036,37,,
625,fly2,fly6,1001,1015,15,,
431,fly3,fly7,1006,1029,24,,
2411,fly5,fly3,1008,1035,28,,
87,fly9,fly12,1014,1031,18,,
335,fly3,fly12,1015,1029,15,,
0,fly9,fly3,1017,1135,119,,
575,fly2,fly12,1019,1033,15,,
2392,fly5,fly9,1020,1104,85,,
2600,fly5,fly10,1024,1055,32,,
548,fly2,fly11,1036,1057,22,,
626,fly2,fly6,1037,1061,25,,
2966,fly10,fly12,1045,1062,18,,
1539,fly6,fly11,1048,1116,69,,
2941,fly10,fly11,1053,1135,83,,
1290,fly12,fly10,1053,1135,83,,
889,fly11,fly6,1054,1119,66,,
827,fly11,fly2,1054,1093,40,,
1131,fly12,fly11,1055,1135,81,,
197,fly9,fly5,1055,1112,58,,
172,fly9,fly7,1056,1113,58,,
247,fly9,fly10,1056,1077,22,,
88,fly9,fly12,1057,1077,21,,
2053,fly7,fly9,1064,1135,72,,
2308,fly7,fly5,1064,1135,72,,
2364,fly7,fly10,1064,1078,15,,
2723,fly8,fly1,1066,1196,131,,
3007,fly10,fly6,1070,1135,66,,
1751,fly6,fly10,1074,1122,49,,
2122,fly7,fly2,1083,1136,54,,
549,fly2,fly11,1088,1169,82,,
30,fly9,fly2,1092,1108,17,,
759,fly2,fly10,1094,1136,43,,
2081,fly7,fly3,1095,1136,42,,
261,fly3,fly9,1100,1115,16,,
2393,fly5,fly9,1107,1147,41,,
576,fly2,fly12,1114,1204,91,,
1908,fly4,fly1,1120,1339,220,,
627,fly2,fly6,1126,1141,16,,
890,fly11,fly6,1132,1233,102,,
198,fly9,fly5,1135,1157,23,,
514,fly2,fly3,1136,1221,86,,
315,fly3,fly11,1137,1339,203,,
173,fly9,fly7,1137,1223,87,,
2942,fly10,fly11,1137,1151,15,,
372,fly3,fly6,1137,1183,47,,
31,fly9,fly2,1145,1186,42,,
1132,fly12,fly11,1149,1386,238,,
2309,fly7,fly5,1149,1203,55,,
2872,fly10,fly9,1149,1189,41,,
3088,fly10,fly5,1149,1189,41,,
248,fly9,fly10,1149,1232,84,,
1076,fly12,fly3,1149,1802,654,,
2908,fly10,fly2,1149,1189,41,,
2601,fly5,fly10,1160,1193,34,,
2394,fly5,fly9,1160,1231,72,,
3064,fly10,fly7,1163,1189,27,,
760,fly2,fly10,1170,1214,45,,
683,fly2,fly7,1171,1193,23,,
1104,fly12,fly2,1176,1248,73,,
550,fly2,fly11,1189,1229,41,,
2892,fly10,fly3,1190,1237,48,,
2967,fly10,fly12,1190,1277,88,,
2943,fly10,fly11,1195,1213,19,,
288,fly3,fly2,1197,1499,303,,
373,fly3,fly6,1200,1476,277,,
628,fly2,fly6,1210,1251,42,,
828,fly11,fly2,1212,1306,95,,
2944,fly10,fly11,1226,1243,18,,
1169,fly12,fly6,1231,1479,249,,
1502,fly6,fly2,1232,1469,238,,
3008,fly10,fly6,1234,1277,44,,
1540,fly6,fly11,1243,1262,20,,
174,fly9,fly7,1247,1261,15,,
249,fly9,fly10,1247,1416,170,,
1105,fly12,fly2,1251,1279,29,,
2194,fly7,fly12,1253,1279,27,,
2082,fly7,fly3,1254,1289,36,,
2236,fly7,fly6,1255,1289,35,,
2163,fly7,fly11,1255,1289,35,,
2123,fly7,fly2,1257,1289,33,,
199,fly9,fly5,1258,1487,230,,
1657,fly6,fly7,1261,1280,20,,
1223,fly12,fly7,1261,1281,21,,
953,fly11,fly7,1261,1293,33,,
2365,fly7,fly10,1267,1285,19,,
2873,fly10,fly9,1278,1378,101,,
1541,fly6,fly11,1282,1413,132,,
1380,fly1,fly4,1284,1337,54,,
2006,fly4,fly8,1287,1342,56,,
3089,fly10,fly5,1289,1381,93,,
336,fly3,fly12,1301,1314,14,,
2395,fly5,fly9,1304,1324,21,,
1106,fly12,fly2,1305,1665,361,,
1,fly9,fly3,1310,1337,28,,
1465,fly6,fly3,1311,1335,25,,
551,fly2,fly11,1334,1385,52,,
829,fly11,fly2,1337,1354,18,,
2766,fly8,fly4,1340,1354,15,,
2335,fly7,fly8,1347,1360,14,,
1466,fly6,fly3,1355,1415,61,,
2473,fly5,fly12,1357,1414,58,,
2724,fly8,fly1,1358,1382,25,,
2602,fly5,fly10,1358,1371,14,,
2503,fly5,fly6,1360,1373,14,,
920,fly11,fly4,1367,1400,34,,
657,fly2,fly4,1368,1445,78,,
2603,fly5,fly10,1378,1394,17,,
1629,fly6,fly4,1379,1455,77,,
2412,fly5,fly3,1380,1410,31,,
2445,fly5,fly11,1384,1427,44,,
830,fly11,fly2,1386,1455,70,,
403,fly3,fly4,1391,1499,109,,
891,fly11,fly6,1398,1480,83,,
1196,fly12,fly4,1400,1724,325,,
799,fly11,fly3,1400,1473,74,,
61,fly9,fly11,1401,1517,117,,
856,fly11,fly12,1401,2010,610,,
3090,fly10,fly5,1407,1436,30,,
2396,fly5,fly9,1408,1659,252,,
921,fly11,fly4,1411,1996,586,,
337,fly3,fly12,1429,1499,71,,
1835,fly4,fly2,1432,1639,208,,
2446,fly5,fly11,1437,1510,74,,
1467,fly6,fly3,1439,1477,39,,
831,fly11,fly2,1458,1653,196,,
1921,fly4,fly6,1467,1480,14,,
2083,fly7,fly3,1469,1493,25,,
1804,fly4,fly3,1470,1948,479,,
316,fly3,fly11,1472,1497,26,,
2237,fly7,fly6,1476,1496,21,,
800,fly11,fly3,1478,1588,111,,
2164,fly7,fly11,1483,1512,30,,
2552,fly5,fly7,1491,1505,15,,
89,fly9,fly12,1493,1527,35,,
2084,fly7,fly3,1497,1518,22,,
2273,fly7,fly4,1498,1624,127,,
2195,fly7,fly12,1498,1619,122,,
2124,fly7,fly2,1499,1624,126,,
175,fly9,fly7,1503,1516,14,,
1224,fly12,fly7,1515,1629,115,,
1945,fly4,fly7,1518,1539,22,,
317,fly3,fly11,1519,1802,284,,
432,fly3,fly7,1523,1649,127,,
2165,fly7,fly11,1523,1544,22,,
1752,fly6,fly10,1526,1565,40,,
200,fly9,fly5,1530,1547,18,,
515,fly2,fly3,1533,1614,82,,
2085,fly7,fly3,1538,1567,30,,
2166,fly7,fly11,1554,1575,22,,
1946,fly4,fly7,1554,1586,33,,
2086,fly7,fly3,1577,1590,14,,
338,fly3,fly12,1590,1802,213,,
1947,fly4,fly7,1597,1637,41,,
801,fly11,fly3,1597,1813,217,,
2087,fly7,fly3,1600,1629,30,,
62,fly9,fly11,1608,1665,58,,
404,fly3,fly4,1612,1802,191,,
90,fly9,fly12,1612,1629,18,,
289,fly3,fly2,1612,1701,90,,
684,fly2,fly7,1615,1629,15,,
516,fly2,fly3,1616,1701,86,,
176,fly9,fly7,1619,1659,41,,
2167,fly7,fly11,1630,1646,17,,
2054,fly7,fly9,1630,1664,35,,
91,fly9,fly12,1658,1677,20,,
685,fly2,fly7,1676,1708,33,,
1225,fly12,fly7,1681,1802,122,,
1948,fly4,fly7,1682,1735,54,,
2125,fly7,fly2,1683,1709,27,,
2168,fly7,fly11,1684,1783,100,,
63,fly9,fly11,1686,1701,16,,
2196,fly7,fly12,1686,1707,22,,
2055,fly7,fly9,1686,1703,18,,
658,fly2,fly4,1687,1707,21,,
32,fly9,fly2,1687,1703,17,,
2,fly9,fly3,1692,1710,19,,
177,fly9,fly7,1692,1707,16,,
433,fly3,fly7,1704,1802,99,,
1783,fly4,fly9,1705,1724,20,,
954,fly11,fly7,1726,1768,43,,
1197,fly12,fly4,1726,1795,70,,
3009,fly10,fly6,1733,1766,34,,
1949,fly4,fly7,1737,1776,40,,
1753,fly6,fly10,1738,1763,26,,
3,fly9,fly3,1762,1799,38,,
2274,fly7,fly4,1784,1811,28,,
2088,fly7,fly3,1784,1829,46,,
1133,fly12,fly11,1803,2013,211,,
2616,fly8,fly9,1816,1836,21,,
262,fly3,fly9,1823,1978,156,,
2197,fly7,fly12,1830,1849,20,,
2169,fly7,fly11,1830,1863,34,,
221,fly9,fly8,1831,1916,86,,
802,fly11,fly3,1835,1908,74,,
2089,fly7,fly3,1864,2002,139,,
1950,fly4,fly7,1867,1995,129,,
2056,fly7,fly9,1867,1920,54,,
1784,fly4,fly9,1870,1898,29,,
2275,fly7,fly4,1885,1957,73,,
955,fly11,fly7,1893,1931,39,,
803,fly11,fly3,1913,1926,14,,
2504,fly5,fly6,1919,1968,50,,
1702,fly6,fly5,1919,1937,19,,
474,fly3,fly8,1923,1996,74,,
2336,fly7,fly8,1925,1995,71,,
2198,fly7,fly12,1926,1941,16,,
956,fly11,fly7,1934,1985,52,,
2057,fly7,fly9,1943,1987,45,,
1859,fly4,fly11,1945,1964,20,,
552,fly2,fly11,1949,2010,62,,
2428,fly5,fly2,1955,2021,67,,
1785,fly4,fly9,1959,2042,84,,
804,fly11,fly3,1960,1974,15,,
1107,fly12,fly2,1960,2069,110,,
2617,fly8,fly9,1962,2009,48,,
434,fly3,fly7,1967,2038,72,,
2505,fly5,fly6,1973,1987,15,,
1542,fly6,fly11,1986,2023,38,,
892,fly11,fly6,1986,2018,33,,
1503,fly6,fly2,1986,2042,57,,
577,fly2,fly12,1988,2021,34,,
1922,fly4,fly6,1989,2013,25,,
832,fly11,fly2,1990,2016,27,,
1575,fly6,fly12,1990,2017,28,,
405,fly3,fly4,1992,2073,82,,
222,fly9,fly8,1998,2114,117,,
2007,fly4,fly8,2006,2049,44,,
2447,fly5,fly11,2007,2185,179,,
985,fly11,fly5,2009,2036,28,,
374,fly3,fly6,2018,2065,48,,
475,fly3,fly8,2019,2100,82,,
339,fly3,fly12,2022,2077,56,,
1951,fly4,fly7,2025,2078,54,,
1077,fly12,fly3,2025,2060,36,,
290,fly3,fly2,2026,2040,15,,
2796,fly8,fly7,2026,2040,15,,
92,fly9,fly12,2026,2151,126,,
1884,fly4,fly12,2030,2051,22,,
1805,fly4,fly3,2030,2079,50,,
1170,fly12,fly6,2041,2081,41,,
1836,fly4,fly2,2043,2086,44,,
629,fly2,fly6,2045,2066,22,,
1923,fly4,fly6,2046,2127,82,,
986,fly11,fly5,2047,2185,139,,
1198,fly12,fly4,2050,2081,32,,
2797,fly8,fly7,2051,2148,98,,
1576,fly6,fly12,2055,2174,120,,
1716,fly6,fly8,2055,2174,120,,
1630,fly6,fly4,2055,2082,28,,
1658,fly6,fly7,2055,2155,101,,
128,fly9,fly6,2055,2068,14,,
148,fly9,fly4,2055,2102,48,,
1885,fly4,fly12,2056,2073,18,,
1468,fly6,fly3,2061,2156,96,,
1504,fly6,fly2,2064,2096,33,,
578,fly2,fly12,2064,2077,14,,
735,fly2,fly8,2064,2079,16,,
1059,fly12,fly9,2066,2081,16,,
686,fly2,fly7,2068,2133,66,,
435,fly3,fly7,2078,2128,51,,
4,fly9,fly3,2078,2200,123,,
1263,fly12,fly8,2082,2226,145,,
1631,fly6,fly4,2084,2140,57,,
2630,fly8,fly3,2087,2148,62,,
2646,fly8,fly2,2091,2114,24,,
1078,fly12,fly3,2099,2232,134,,
1837,fly4,fly2,2099,2119,21,,
129,fly9,fly6,2099,2175,77,,
1447,fly6,fly9,2100,2174,75,,
1226,fly12,fly7,2101,2132,32,,
2767,fly8,fly4,2102,2151,50,,
659,fly2,fly4,2103,2175,73,,
1886,fly4,fly12,2107,2130,24,,
2008,fly4,fly8,2108,2149,42,,
1806,fly4,fly3,2109,2153,45,,
476,fly3,fly8,2115,2135,21,,
517,fly2,fly3,2117,2136,20,,
1952,fly4,fly7,2122,2157,36,,
1171,fly12,fly6,2127,2189,63,,
178,fly9,fly7,2128,2174,47,,
1060,fly12,fly9,2130,2220,91,,
436,fly3,fly7,2132,2194,63,,
1108,fly12,fly2,2134,2276,143,,
630,fly2,fly6,2135,2155,21,,
2734,fly8,fly6,2138,2184,47,,
518,fly2,fly3,2139,2185,47,,
223,fly9,fly8,2139,2200,62,,
2647,fly8,fly2,2141,2170,30,,
736,fly2,fly8,2142,2185,44,,
579,fly2,fly12,2145,2183,39,,
406,fly3,fly4,2146,2176,31,,
33,fly9,fly2,2148,2200,53,,
2276,fly7,fly4,2149,2176,28,,
501,fly2,fly9,2149,2185,37,,
687,fly2,fly7,2151,2183,33,,
1505,fly6,fly2,2153,2174,22,,
2238,fly7,fly6,2155,2176,22,,
2768,fly8,fly4,2156,2192,37,,
2631,fly8,fly3,2158,2195,38,,
2798,fly8,fly7,2160,2189,30,,
1953,fly4,fly7,2162,2178,17,,
2648,fly8,fly2,2172,2185,14,,
1659,fly6,fly7,2175,2197,23,,
1469,fly6,fly3,2175,2217,43,,
1632,fly6,fly4,2175,2209,35,,
1954,fly4,fly7,2182,2213,32,,
1506,fly6,fly2,2183,2217,35,,
1717,fly6,fly8,2184,2217,34,,
785,fly11,fly9,2185,2201,17,,
631,fly2,fly6,2186,2201,16,,
1002,fly11,fly8,2188,2201,14,,
1172,fly12,fly6,2191,2276,86,,
1577,fly6,fly12,2196,2217,22,,
580,fly2,fly12,2197,2218,22,,
93,fly9,fly12,2201,2218,18,,
201,fly9,fly5,2201,2223,23,,
553,fly2,fly11,2205,2218,14,,
64,fly9,fly11,2214,2278,65,,
519,fly2,fly3,2219,2233,15,,
737,fly2,fly8,2219,2238,20,,
1955,fly4,fly7,2222,2318,97,,
554,fly2,fly11,2222,2238,17,,
1199,fly12,fly4,2222,2276,55,,
1660,fly6,fly7,2226,2279,54,,
1633,fly6,fly4,2226,2273,48,,
224,fly9,fly8,2227,2331,105,,
5,fly9,fly3,2229,2262,34,,
1061,fly12,fly9,2229,2276,48,,
34,fly9,fly2,2229,2301,73,,
2632,fly8,fly3,2235,2257,23,,
987,fly11,fly5,2235,2279,45,,
2474,fly5,fly12,2237,2314,78,,
502,fly2,fly9,2239,2252,14,,
581,fly2,fly12,2239,2253,15,,
723,fly2,fly5,2239,2299,61,,
2506,fly5,fly6,2239,2287,49,,
786,fly11,fly9,2240,2254,15,,
555,fly2,fly11,2245,2282,38,,
857,fly11,fly12,2246,2268,23,,
2618,fly8,fly9,2246,2368,123,,
2649,fly8,fly2,2247,2310,64,,
2695,fly8,fly12,2254,2295,42,,
2826,fly8,fly5,2255,2276,22,,
1264,fly12,fly8,2259,2276,18,,
1448,fly6,fly9,2263,2288,26,,
291,fly3,fly2,2263,2288,26,,
477,fly3,fly8,2264,2287,24,,
318,fly3,fly11,2265,2288,24,,
2735,fly8,fly6,2265,2279,15,,
459,fly3,fly5,2267,2325,59,,
582,fly2,fly12,2268,2302,35,,
632,fly2,fly6,2275,2301,27,,
1252,fly12,fly5,2277,2315,39,,
1134,fly12,fly11,2277,2298,22,,
202,fly9,fly5,2278,2294,17,,
1109,fly12,fly2,2279,2297,19,,
1634,fly6,fly4,2279,2325,47,,
2736,fly8,fly6,2282,2365,84,,
805,fly11,fly3,2283,2310,28,,
1661,fly6,fly7,2285,2351,67,,
988,fly11,fly5,2290,2310,21,,
1786,fly4,fly9,2299,2322,24,,
1924,fly4,fly6,2300,2339,40,,
2058,fly7,fly9,2302,2354,53,,
2633,fly8,fly3,2302,2317,16,,
520,fly2,fly3,2308,2329,22,,
130,fly9,fly6,2310,2331,22,,
2769,fly8,fly4,2310,2360,51,,
2009,fly4,fly8,2311,2341,31,,
2799,fly8,fly7,2311,2362,52,,
2337,fly7,fly8,2311,2361,51,,
724,fly2,fly5,2313,2329,17,,
149,fly9,fly4,2313,2331,19,,
1449,fly6,fly9,2313,2368,56,,
2239,fly7,fly6,2317,2357,41,,
1807,fly4,fly3,2319,2362,44,,
1980,fly4,fly5,2322,2364,43,,
1173,fly12,fly6,2324,2337,14,,
1079,fly12,fly3,2324,2390,67,,
2475,fly5,fly12,2324,2378,55,,
2827,fly8,fly5,2324,2340,17,,
1200,fly12,fly4,2324,2359,36,,
1253,fly12,fly5,2324,2391,68,,
460,fly3,fly5,2328,2380,53,,
340,fly3,fly12,2328,2379,52,,
738,fly2,fly8,2330,2346,17,,
556,fly2,fly11,2330,2346,17,,
1887,fly4,fly12,2340,2358,19,,
1838,fly4,fly2,2341,2354,14,,
2277,fly7,fly4,2343,2362,20,,
633,fly2,fly6,2347,2379,33,,
521,fly2,fly3,2347,2360,14,,
660,fly2,fly4,2347,2374,28,,
725,fly2,fly5,2347,2370,24,,
1003,fly11,fly8,2348,2365,18,,
833,fly11,fly2,2348,2374,27,,
806,fly11,fly3,2348,2531,184,,
922,fly11,fly4,2349,2381,33,,
2310,fly7,fly5,2352,2385,34,,
1227,fly12,fly7,2352,2385,34,,
2090,fly7,fly3,2356,2375,20,,
688,fly2,fly7,2356,2372,17,,
2199,fly7,fly12,2357,2385,29,,
1718,fly6,fly8,2357,2451,95,,
437,fly3,fly7,2357,2383,27,,
739,fly2,fly8,2360,2385,26,,
375,fly3,fly6,2360,2385,26,,
225,fly9,fly8,2360,2389,30,,
1925,fly4,fly6,2361,2385,25,,
1787,fly4,fly9,2363,2385,23,,
407,fly3,fly4,2363,2385,23,,
478,fly3,fly8,2365,2385,21,,
35,fly9,fly2,2367,2387,21,,
150,fly9,fly4,2367,2390,24,,
1635,fly6,fly4,2368,2385,18,,
263,fly3,fly9,2368,2385,18,,
1507,fly6,fly2,2369,2385,17,,
957,fly11,fly7,2370,2409,40,,
131,fly9,fly6,2370,2390,21,,
6,fly9,fly3,2370,2441,72,,
179,fly9,fly7,2372,2409,38,,
203,fly9,fly5,2373,2480,108,,
2650,fly8,fly2,2375,2403,29,,
2010,fly4,fly8,2379,2403,25,,
989,fly11,fly5,2380,2618,239,,
661,fly2,fly4,2386,2403,18,,
689,fly2,fly7,2386,2403,18,,
2278,fly7,fly4,2386,2402,17,,
2170,fly7,fly11,2386,2409,24,,
522,fly2,fly3,2386,2403,18,,
319,fly3,fly11,2386,2448,63,,
634,fly2,fly6,2386,2403,18,,
2126,fly7,fly2,2386,2409,24,,
94,fly9,fly12,2389,2492,104,,
2397,fly5,fly9,2391,2412,22,,
2476,fly5,fly12,2391,2614,224,,
2091,fly7,fly3,2391,2409,19,,
132,fly9,fly6,2403,2422,20,,
2619,fly8,fly9,2404,2424,21,,
1981,fly4,fly5,2404,2453,50,,
1926,fly4,fly6,2404,2484,81,,
1808,fly4,fly3,2404,2502,99,,
1788,fly4,fly9,2404,2486,83,,
893,fly11,fly6,2410,2465,56,,
1662,fly6,fly7,2410,2467,58,,
2338,fly7,fly8,2410,2515,106,,
1450,fly6,fly9,2410,2453,44,,
1956,fly4,fly7,2411,2465,55,,
2279,fly7,fly4,2412,2439,28,,
461,fly3,fly5,2414,2436,23,,
1254,fly12,fly5,2414,2489,76,,
2127,fly7,fly2,2421,2502,82,,
787,fly11,fly9,2447,2626,180,,
740,fly2,fly8,2447,2470,24,,
65,fly9,fly11,2447,2465,19,,
292,fly3,fly2,2449,2488,40,,
376,fly3,fly6,2449,2533,85,,
438,fly3,fly7,2449,2474,26,,
408,fly3,fly4,2449,2559,111,,
479,fly3,fly8,2449,2551,103,,
2280,fly7,fly4,2453,2520,68,,
1636,fly6,fly4,2458,2510,53,,
1839,fly4,fly2,2460,2502,43,,
2240,fly7,fly6,2464,2520,57,,
2011,fly4,fly8,2465,2502,38,,
2092,fly7,fly3,2468,2520,53,,
834,fly11,fly2,2473,2505,33,,
1062,fly12,fly9,2475,2488,14,,
2059,fly7,fly9,2480,2520,41,,
557,fly2,fly11,2481,2497,17,,
2770,fly8,fly4,2482,2516,35,,
66,fly9,fly11,2493,2550,58,,
36,fly9,fly2,2493,2506,14,,
226,fly9,fly8,2493,2532,40,,
2311,fly7,fly5,2499,2520,22,,
1637,fly6,fly4,2512,2539,28,,
7,fly9,fly3,2517,2531,15,,
2634,fly8,fly3,2523,2551,29,,
2771,fly8,fly4,2524,2537,14,,
1470,fly6,fly3,2530,2544,15,,
2281,fly7,fly4,2531,2551,21,,
1451,fly6,fly9,2532,2548,17,,
1957,fly4,fly7,2532,2553,22,,
204,fly9,fly5,2533,2550,18,,
1809,fly4,fly3,2534,2620,87,,
1789,fly4,fly9,2534,2629,96,,
2620,fly8,fly9,2534,2557,24,,
2093,fly7,fly3,2538,2553,16,,
2772,fly8,fly4,2542,2560,19,,
1703,fly6,fly5,2543,2583,41,,
1578,fly6,fly12,2544,2567,24,,
2060,fly7,fly9,2544,2581,38,,
264,fly3,fly9,2548,2577,30,,
151,fly9,fly4,2551,2591,41,,
227,fly9,fly8,2551,2588,38,,
2312,fly7,fly5,2551,2594,44,,
741,fly2,fly8,2553,2639,87,,
1663,fly6,fly7,2554,2578,25,,
958,fly11,fly7,2556,2575,20,,
462,fly3,fly5,2556,2628,73,,
2507,fly5,fly6,2557,2583,27,,
439,fly3,fly7,2557,2586,30,,
2094,fly7,fly3,2560,2586,27,,
2651,fly8,fly2,2562,2667,106,,
1579,fly6,fly12,2570,2583,14,,
807,fly11,fly3,2575,2621,47,,
320,fly3,fly11,2575,2598,24,,
2553,fly5,fly7,2576,2594,19,,
67,fly9,fly11,2581,2644,64,,
1174,fly12,fly6,2582,2595,14,,
2200,fly7,fly12,2583,2598,16,,
2241,fly7,fly6,2586,2626,41,,
8,fly9,fly3,2587,2663,77,,
205,fly9,fly5,2592,2618,27,,
341,fly3,fly12,2593,2615,23,,
923,fly11,fly4,2594,2613,20,,
1754,fly6,fly10,2594,2608,15,,
1860,fly4,fly11,2595,2613,19,,
2366,fly7,fly10,2606,2624,19,,
3065,fly10,fly7,2613,2626,14,,
924,fly11,fly4,2615,2640,26,,
1861,fly4,fly11,2615,2765,151,,
206,fly9,fly5,2622,2637,16,,
265,fly3,fly9,2627,2640,14,,
2773,fly8,fly4,2627,2736,110,,
321,fly3,fly11,2631,2673,43,,
1810,fly4,fly3,2632,2662,31,,
409,fly3,fly4,2633,2661,29,,
2413,fly5,fly3,2634,2670,37,,
1004,fly11,fly8,2637,2668,32,,
2664,fly8,fly11,2637,2693,57,,
788,fly11,fly9,2648,2704,57,,
68,fly9,fly11,2648,2667,20,,
463,fly3,fly5,2649,2664,16,,
808,fly11,fly3,2656,2712,57,,
2448,fly5,fly11,2661,2680,20,,
742,fly2,fly8,2664,2762,99,,
2874,fly10,fly9,2667,2686,20,,
1811,fly4,fly3,2670,2752,83,,
1755,fly6,fly10,2671,2687,17,,
662,fly2,fly4,2673,2708,36,,
2652,fly8,fly2,2677,2696,20,,
990,fly11,fly5,2682,2738,57,,
491,fly3,fly10,2686,2745,60,,
2449,fly5,fly11,2693,2710,18,,
1790,fly4,fly9,2693,2732,40,,
1034,fly11,fly10,2694,2742,49,,
2604,fly5,fly10,2696,2906,211,,
2621,fly8,fly9,2700,2716,17,,
322,fly3,fly11,2702,2763,62,,
2665,fly8,fly11,2702,2744,43,,
2893,fly10,fly3,2703,2741,39,,
2875,fly10,fly9,2704,2726,23,,
2034,fly4,fly10,2705,2756,52,,
410,fly3,fly4,2726,2766,41,,
9,fly9,fly3,2727,2762,36,,
480,fly3,fly8,2732,2766,35,,
809,fly11,fly3,2734,2800,67,,
266,fly3,fly9,2737,2766,30,,
925,fly11,fly4,2739,2807,69,,
1005,fly11,fly8,2749,2768,20,,
2653,fly8,fly2,2750,2765,16,,
503,fly2,fly9,2754,2781,28,,
2012,fly4,fly8,2760,2782,23,,
323,fly3,fly11,2767,2799,33,,
3010,fly10,fly6,2780,2806,27,,
1812,fly4,fly3,2780,2816,37,,
411,fly3,fly4,2785,2816,32,,
523,fly2,fly3,2799,2861,63,,
1862,fly4,fly11,2817,2899,83,,
2828,fly8,fly5,2828,2893,66,,
3011,fly10,fly6,2836,2872,37,,
10,fly9,fly3,2839,2853,15,,
926,fly11,fly4,2843,2897,55,,
1006,fly11,fly8,2846,2869,24,,
1543,fly6,fly11,2856,2874,19,,
1304,fly1,fly9,2856,2872,17,,
2576,fly5,fly8,2857,3020,164,,
114,fly9,fly1,2858,2876,19,,
1324,fly1,fly2,2867,2973,107,,
524,fly2,fly3,2868,2895,28,,
2848,fly8,fly10,2871,2889,19,,
1007,fly11,fly8,2895,2928,34,,
2666,fly8,fly11,2895,2928,34,,
2737,fly8,fly6,2898,2920,23,,
2774,fly8,fly4,2899,2917,19,,
991,fly11,fly5,2917,3121,205,,
1719,fly6,fly8,2918,3020,103,,
2829,fly8,fly5,2924,3020,97,,
1704,fly6,fly5,2925,2956,32,,
2508,fly5,fly6,2925,3040,116,,
894,fly11,fly6,2934,3164,231,,
2849,fly8,fly10,2935,3035,101,,
2450,fly5,fly11,2940,3057,118,,
601,fly2,fly1,3004,3024,21,,
2738,fly8,fly6,3007,3020,14,,
1705,fly6,fly5,3019,3037,19,,
1756,fly6,fly10,3034,3084,51,,
1325,fly1,fly2,3050,3076,27,,
3097,fly10,fly8,3055,3074,20,,
2509,fly5,fly6,3081,3109,29,,
1326,fly1,fly2,3088,3351,264,,
1757,fly6,fly10,3110,3188,79,,
2526,fly5,fly4,3110,3288,179,,
992,fly11,fly5,3123,3195,73,,
927,fly11,fly4,3131,3169,39,,
2414,fly5,fly3,3136,3152,17,,
810,fly11,fly3,3153,3187,35,,
324,fly3,fly11,3154,3247,94,,
3012,fly10,fly6,3184,3199,16,,
811,fly11,fly3,3190,3278,89,,
2739,fly8,fly6,3201,3219,19,,
1982,fly4,fly5,3202,3228,27,,
1291,fly12,fly10,3205,3342,138,,
2740,fly8,fly6,3238,3259,22,,
2945,fly10,fly11,3246,3449,204,,
1983,fly4,fly5,3248,3282,35,,
412,fly3,fly4,3260,3283,24,,
2741,fly8,fly6,3265,3310,46,,
1813,fly4,fly3,3269,3292,24,,
1720,fly6,fly8,3278,3293,16,,
2061,fly7,fly9,3288,3312,25,,
413,fly3,fly4,3298,3322,25,,
928,fly11,fly4,3300,3331,32,,
1814,fly4,fly3,3313,3330,18,,
812,fly11,fly3,3318,3351,34,,
2062,fly7,fly9,3321,3337,17,,
3042,fly10,fly4,3327,3342,16,,
2128,fly7,fly2,3329,3345,17,,
1815,fly4,fly3,3342,3359,18,,
2510,fly5,fly6,3354,3385,32,,
2129,fly7,fly2,3360,3390,31,,
3043,fly10,fly4,3363,3383,21,,
2894,fly10,fly3,3364,3386,23,,
959,fly11,fly7,3366,3381,16,,
3066,fly10,fly7,3367,3384,18,,
1816,fly4,fly3,3367,3390,24,,
835,fly11,fly2,3369,3394,26,,
2171,fly7,fly11,3369,3387,19,,
2367,fly7,fly10,3370,3384,15,,
2909,fly10,fly2,3371,3388,18,,
2095,fly7,fly3,3384,3424,41,,
293,fly3,fly2,3385,3410,26,,
3044,fly10,fly4,3390,3456,67,,
929,fly11,fly4,3397,3443,47,,
2554,fly5,fly7,3399,3418,20,,
1035,fly11,fly10,3403,3449,47,,
2415,fly5,fly3,3423,3449,27,,
869,fly11,fly1,3424,3453,30,,
2555,fly5,fly7,3426,3443,18,,
2096,fly7,fly3,3427,3463,37,,
1664,fly6,fly7,3429,3447,19,,
1863,fly4,fly11,3433,3508,76,,
1471,fly6,fly3,3434,3450,17,,
2984,fly10,fly1,3435,3569,135,,
930,fly11,fly4,3447,3467,21,,
558,fly2,fly11,3449,3473,25,,
1909,fly4,fly1,3449,3517,69,,
440,fly3,fly7,3467,3506,40,,
3045,fly10,fly4,3467,3517,51,,
1840,fly4,fly2,3480,3586,107,,
2242,fly7,fly6,3486,3505,20,,
2946,fly10,fly11,3502,3515,14,,
870,fly11,fly1,3509,3538,30,,
1036,fly11,fly10,3513,3549,37,,
1381,fly1,fly4,3514,3572,59,,
1472,fly6,fly3,3517,3537,21,,
1910,fly4,fly1,3563,3617,55,,
1864,fly4,fly11,3574,3595,22,,
1382,fly1,fly4,3576,3595,20,,
1327,fly1,fly2,3582,3605,24,,
871,fly11,fly1,3583,3599,17,,
152,fly9,fly4,3604,3619,16,,
602,fly2,fly1,3605,3630,26,,
115,fly9,fly1,3607,3622,16,,
1841,fly4,fly2,3609,3651,43,,
1791,fly4,fly9,3613,3655,43,,
37,fly9,fly2,3613,3665,53,,
3046,fly10,fly4,3617,3646,30,,
2876,fly10,fly9,3618,3634,17,,
2910,fly10,fly2,3619,3645,27,,
2243,fly7,fly6,3630,3645,16,,
153,fly9,fly4,3634,3669,36,,
504,fly2,fly9,3635,3663,29,,
1305,fly1,fly9,3639,3669,31,,
663,fly2,fly4,3652,3699,48,,
761,fly2,fly10,3653,3699,47,,
116,fly9,fly1,3671,4116,446,,
2035,fly4,fly10,3698,3726,29,,
2911,fly10,fly2,3701,3728,28,,
441,fly3,fly7,3718,3744,27,,
2556,fly5,fly7,3728,3756,29,,
2313,fly7,fly5,3728,3743,16,,
3047,fly10,fly4,3747,3783,37,,
1080,fly12,fly3,3766,3843,78,,
1721,fly6,fly8,3781,3800,20,,
342,fly3,fly12,3790,3807,18,,
343,fly3,fly12,3842,3872,31,,
1927,fly4,fly6,3890,3935,46,,
1638,fly6,fly4,3896,3912,17,,
294,fly3,fly2,3928,3957,30,,
525,fly2,fly3,3929,3966,38,,
492,fly3,fly10,3935,3966,32,,
295,fly3,fly2,3974,3988,15,,
1328,fly1,fly2,3978,4099,122,,
1473,fly6,fly3,4021,4047,27,,
377,fly3,fly6,4021,4050,30,,
1081,fly12,fly3,4060,4075,16,,
1758,fly6,fly10,4061,4091,31,,
2063,fly7,fly9,4069,4096,28,,
762,fly2,fly10,4079,4097,19,,
3013,fly10,fly6,4083,4112,30,,
414,fly3,fly4,4090,4205,116,,
2064,fly7,fly9,4106,4126,21,,
1363,fly1,fly6,4107,4171,65,,
1759,fly6,fly10,4108,4172,65,,
763,fly2,fly10,4109,4126,18,,
1423,fly1,fly10,4113,4151,39,,
180,fly9,fly7,4119,4171,53,,
764,fly2,fly10,4137,4153,17,,
3014,fly10,fly6,4148,4173,26,,
2985,fly10,fly1,4149,4185,37,,
2667,fly8,fly11,4157,4236,80,,
1613,fly6,fly1,4174,4218,45,,
69,fly9,fly11,4189,4234,46,,
228,fly9,fly8,4198,4245,48,,
2622,fly8,fly9,4198,4240,43,,
2244,fly7,fly6,4208,4223,16,,
1424,fly1,fly10,4217,4243,27,,
2398,fly5,fly9,4256,4270,15,,
2339,fly7,fly8,4262,4295,34,,
207,fly9,fly5,4267,4327,61,,
2800,fly8,fly7,4271,4293,23,,
2986,fly10,fly1,4273,4288,16,,
2314,fly7,fly5,4296,4318,23,,
2557,fly5,fly7,4304,4321,18,,
296,fly3,fly2,4309,4342,34,,
2668,fly8,fly11,4312,4339,28,,
1008,fly11,fly8,4333,4348,16,,
1639,fly6,fly4,4347,4386,40,,
526,fly2,fly3,4352,4423,72,,
993,fly11,fly5,4353,4379,27,,
2451,fly5,fly11,4353,4379,27,,
297,fly3,fly2,4373,4389,17,,
2577,fly5,fly8,4381,4524,144,,
3067,fly10,fly7,4408,4429,22,,
2368,fly7,fly10,4408,4429,22,,
2217,fly7,fly1,4441,4485,45,,
298,fly3,fly2,4448,4505,58,,
70,fly9,fly11,4454,4507,54,,
1392,fly1,fly7,4478,4498,21,,
299,fly3,fly2,4533,4547,15,,
2578,fly5,fly8,4545,4569,25,,
527,fly2,fly3,4546,4580,35,,
300,fly3,fly2,4551,4596,46,,
1508,fly6,fly2,4570,4598,29,,
3091,fly10,fly5,4573,4960,388,,
1474,fly6,fly3,4573,4604,32,,
2579,fly5,fly8,4574,4604,31,,
378,fly3,fly6,4589,4611,23,,
2130,fly7,fly2,4595,4634,40,,
3098,fly10,fly8,4617,4644,28,,
2830,fly8,fly5,4622,4637,16,,
2245,fly7,fly6,4622,4639,18,,
2605,fly5,fly10,4626,4669,44,,
1665,fly6,fly7,4627,4641,15,,
2850,fly8,fly10,4636,4772,137,,
2097,fly7,fly3,4642,4662,21,,
690,fly2,fly7,4642,4662,21,,
2725,fly8,fly1,4648,4703,56,,
442,fly3,fly7,4652,4673,22,,
635,fly2,fly6,4668,4683,16,,
3099,fly10,fly8,4677,4911,235,,
2098,fly7,fly3,4680,4703,24,,
379,fly3,fly6,4696,4738,43,,
2831,fly8,fly5,4702,4728,27,,
2099,fly7,fly3,4708,4744,37,,
2246,fly7,fly6,4719,4732,14,,
1509,fly6,fly2,4744,4794,51,,
443,fly3,fly7,4746,4761,16,,
2247,fly7,fly6,4756,4782,27,,
380,fly3,fly6,4759,4799,41,,
2100,fly7,fly3,4762,4782,21,,
301,fly3,fly2,4783,4820,38,,
1792,fly4,fly9,4785,4899,115,,
381,fly3,fly6,4806,4843,38,,
1425,fly1,fly10,4808,4912,105,,
1414,fly1,fly8,4808,4912,105,,
1407,fly1,fly5,4808,4912,105,,
1510,fly6,fly2,4809,4830,22,,
1475,fly6,fly3,4843,4859,17,,
302,fly3,fly2,4862,4877,16,,
1511,fly6,fly2,4872,4902,31,,
1614,fly6,fly1,4882,4938,57,,
154,fly9,fly4,4898,4912,15,,
2580,fly5,fly8,4904,4972,69,,
303,fly3,fly2,4906,4920,15,,
960,fly11,fly7,4913,4929,17,,
528,fly2,fly3,4919,4932,14,,
1760,fly6,fly10,4927,4952,26,,
1706,fly6,fly5,4928,4942,15,,
304,fly3,fly2,4929,4953,25,,
1722,fly6,fly8,4932,4950,19,,
2742,fly8,fly6,4935,5017,83,,
2606,fly5,fly10,4941,5018,78,,
1408,fly1,fly5,4948,5021,74,,
3015,fly10,fly6,4951,5045,95,,
2487,fly5,fly1,4952,5023,72,,
1426,fly1,fly10,4963,5026,64,,
305,fly3,fly2,4964,5135,172,,
529,fly2,fly3,4968,4989,22,,
3100,fly10,fly8,4975,5010,36,,
1364,fly1,fly6,4992,5071,80,,
1063,fly12,fly9,4993,5006,14,,
2581,fly5,fly8,5009,5024,16,,
1723,fly6,fly8,5018,5039,22,,
3101,fly10,fly8,5018,5033,16,,
2987,fly10,fly1,5020,5033,14,,
1615,fly6,fly1,5023,5036,14,,
1958,fly4,fly7,5024,5039,16,,
2282,fly7,fly4,5025,5040,16,,
3016,fly10,fly6,5055,5073,19,,
1427,fly1,fly10,5061,5096,36,,
530,fly2,fly3,5079,5179,101,,
2988,fly10,fly1,5106,5129,24,,
1064,fly12,fly9,5130,5151,22,,
95,fly9,fly12,5140,5155,16,,
1428,fly1,fly10,5141,5165,25,,
2582,fly5,fly8,5146,5180,35,,
2989,fly10,fly1,5166,5189,24,,
583,fly2,fly12,5186,5212,27,,
2851,fly8,fly10,5188,5326,139,,
2607,fly5,fly10,5210,5291,82,,
38,fly9,fly2,5225,5256,32,,
2832,fly8,fly5,5250,5301,52,,
1865,fly4,fly11,5253,5269,17,,
1082,fly12,fly3,5260,5292,33,,
344,fly3,fly12,5261,5277,17,,
2801,fly8,fly7,5272,5304,33,,
2558,fly5,fly7,5292,5392,101,,
2340,fly7,fly8,5302,5374,73,,
931,fly11,fly4,5311,5331,21,,
584,fly2,fly12,5326,5348,23,,
1110,fly12,fly2,5337,5353,17,,
2852,fly8,fly10,5344,5425,82,,
345,fly3,fly12,5348,5362,15,,
932,fly11,fly4,5366,5393,28,,
2511,fly5,fly6,5382,5403,22,,
1154,fly12,fly1,5391,5405,15,,
2248,fly7,fly6,5403,5426,24,,
1984,fly4,fly5,5407,5464,58,,
2527,fly5,fly4,5408,5464,57,,
2315,fly7,fly5,5411,5438,28,,
1111,fly12,fly2,5414,5448,35,,
2283,fly7,fly4,5433,5448,16,,
11,fly9,fly3,5455,5482,28,,
267,fly3,fly9,5456,5488,33,,
2316,fly7,fly5,5459,5479,21,,
2559,fly5,fly7,5473,5495,23,,
1353,fly1,fly12,5476,5647,172,,
2452,fly5,fly11,5477,5498,22,,
1640,fly6,fly4,5483,5506,24,,
1928,fly4,fly6,5483,6026,544,,
12,fly9,fly3,5491,5541,51,,
2172,fly7,fly11,5495,5510,16,,
2317,fly7,fly5,5501,5543,43,,
2912,fly10,fly2,5506,5538,33,,
2853,fly8,fly10,5521,5571,51,,
2013,fly4,fly8,5525,6114,590,,
268,fly3,fly9,5534,5549,16,,
2036,fly4,fly10,5542,5683,142,,
13,fly9,fly3,5561,5580,20,,
2318,fly7,fly5,5576,5598,23,,
3102,fly10,fly8,5577,5629,53,,
3048,fly10,fly4,5578,5638,61,,
3017,fly10,fly6,5585,5629,45,,
1761,fly6,fly10,5609,5690,82,,
1354,fly1,fly12,5651,5737,87,,
2775,fly8,fly4,5681,6114,434,,
1762,fly6,fly10,5693,5706,14,,
3018,fly10,fly6,5717,5963,247,,
1355,fly1,fly12,5763,5814,52,,
2453,fly5,fly11,5771,5792,22,,
994,fly11,fly5,5806,5852,47,,
585,fly2,fly12,5808,5845,38,,
1155,fly12,fly1,5822,5844,23,,
1112,fly12,fly2,5829,5955,127,,
603,fly2,fly1,5847,5862,16,,
995,fly11,fly5,5857,5879,23,,
2454,fly5,fly11,5862,5878,17,,
3103,fly10,fly8,5865,5962,98,,
2696,fly8,fly12,5871,6144,274,,
2037,fly4,fly10,5873,5888,16,,
1888,fly4,fly12,5875,5934,60,,
3049,fly10,fly4,5884,5939,56,,
2173,fly7,fly11,5884,5979,96,,
2038,fly4,fly10,5893,5973,81,,
14,fly9,fly3,5926,5955,30,,
2654,fly8,fly2,5928,5970,43,,
2455,fly5,fly11,5933,5979,47,,
2560,fly5,fly7,5937,5990,54,,
1889,fly4,fly12,5953,6284,332,,
3092,fly10,fly5,5963,5982,20,,
2913,fly10,fly2,5973,5992,20,,
765,fly2,fly10,5976,6061,86,,
2039,fly4,fly10,5977,5994,18,,
2174,fly7,fly11,5985,6027,43,,
2456,fly5,fly11,5985,6020,36,,
2319,fly7,fly5,5989,6031,43,,
3104,fly10,fly8,5993,6028,36,,
3050,fly10,fly4,5997,6010,14,,
726,fly2,fly5,5998,6050,53,,
961,fly11,fly7,6001,6019,19,,
1707,fly6,fly5,6003,6038,36,,
2131,fly7,fly2,6004,6018,15,,
3019,fly10,fly6,6015,6035,21,,
1763,fly6,fly10,6020,6035,16,,
1201,fly12,fly4,6026,6285,260,,
3068,fly10,fly7,6029,6056,28,,
3093,fly10,fly5,6029,6068,40,,
2249,fly7,fly6,6031,6044,14,,
2947,fly10,fly11,6032,6048,17,,
1037,fly11,fly10,6034,6047,14,,
2561,fly5,fly7,6034,6075,42,,
962,fly11,fly7,6034,6077,44,,
996,fly11,fly5,6034,6048,15,,
2457,fly5,fly11,6037,6063,27,,
1666,fly6,fly7,6037,6075,39,,
2175,fly7,fly11,6038,6076,39,,
895,fly11,fly6,6048,6135,88,,
2250,fly7,fly6,6059,6075,17,,
269,fly3,fly9,6064,6114,51,,
2320,fly7,fly5,6079,6119,41,,
1009,fly11,fly8,6087,6136,50,,
2369,fly7,fly10,6106,6169,64,,
306,fly3,fly2,6108,6181,74,,
531,fly2,fly3,6109,6161,53,,
1866,fly4,fly11,6118,6151,34,,
2669,fly8,fly11,6128,6177,50,,
858,fly11,fly12,6131,6192,62,,
15,fly9,fly3,6149,6164,16,,
2914,fly10,fly2,6161,6181,21,,
270,fly3,fly9,6166,6188,23,,
2877,fly10,fly9,6171,6191,21,,
532,fly2,fly3,6171,6227,57,,
2895,fly10,fly3,6172,6192,21,,
493,fly3,fly10,6172,6185,14,,
2370,fly7,fly10,6172,6207,36,,
1544,fly6,fly11,6180,6198,19,,
2132,fly7,fly2,6181,6210,30,,
896,fly11,fly6,6186,6204,19,,
1010,fly11,fly8,6194,6210,17,,
2896,fly10,fly3,6195,6213,19,,
2915,fly10,fly2,6196,6243,48,,
1580,fly6,fly12,6199,6213,15,,
2670,fly8,fly11,6203,6218,16,,
3069,fly10,fly7,6206,6294,89,,
2743,fly8,fly6,6207,6220,14,,
2101,fly7,fly3,6208,6288,81,,
1724,fly6,fly8,6212,6228,17,,
2697,fly8,fly12,6220,6235,16,,
897,fly11,fly6,6225,6243,19,,
1011,fly11,fly8,6232,6347,116,,
2744,fly8,fly6,6239,6252,14,,
1725,fly6,fly8,6244,6280,37,,
444,fly3,fly7,6253,6294,42,,
898,fly11,fly6,6275,6315,41,,
1581,fly6,fly12,6281,6328,48,,
1545,fly6,fly11,6281,6341,61,,
2897,fly10,fly3,6284,6372,89,,
494,fly3,fly10,6284,6314,31,,
505,fly2,fly9,6284,6310,27,,
1135,fly12,fly11,6285,6333,49,,
859,fly11,fly12,6293,6347,55,,
1175,fly12,fly6,6293,6347,55,,
39,fly9,fly2,6310,6328,19,,
445,fly3,fly7,6321,6406,86,,
1265,fly12,fly8,6329,6365,37,,
727,fly2,fly5,6337,6559,223,,
3070,fly10,fly7,6340,6364,25,,
1726,fly6,fly8,6372,6417,46,,
899,fly11,fly6,6374,6423,50,,
1582,fly6,fly12,6379,6423,45,,
2371,fly7,fly10,6381,6399,19,,
2898,fly10,fly3,6381,6406,26,,
2745,fly8,fly6,6382,6406,25,,
1546,fly6,fly11,6405,6433,29,,
1136,fly12,fly11,6405,6424,20,,
1012,fly11,fly8,6411,6428,18,,
1176,fly12,fly6,6413,6433,21,,
860,fly11,fly12,6413,6432,20,,
2899,fly10,fly3,6420,6438,19,,
1266,fly12,fly8,6420,6438,19,,
2698,fly8,fly12,6422,6439,18,,
2671,fly8,fly11,6428,6446,19,,
2746,fly8,fly6,6435,6521,87,,
2102,fly7,fly3,6440,6463,24,,
2900,fly10,fly3,6446,6498,53,,
2672,fly8,fly11,6448,6462,15,,
2372,fly7,fly10,6452,6471,20,,
2673,fly8,fly11,6464,6477,14,,
1547,fly6,fly11,6469,6510,42,,
1583,fly6,fly12,6469,6491,23,,
900,fly11,fly6,6488,6546,59,,
1013,fly11,fly8,6498,6551,54,,
1177,fly12,fly6,6513,6558,46,,
1267,fly12,fly8,6513,6565,53,,
1137,fly12,fly11,6513,6546,34,,
861,fly11,fly12,6519,6564,46,,
3071,fly10,fly7,6520,6537,18,,
2373,fly7,fly10,6531,6548,18,,
40,fly9,fly2,6545,6564,20,,
1727,fly6,fly8,6551,6650,100,,
2699,fly8,fly12,6553,6595,43,,
1584,fly6,fly12,6559,6624,66,,
1817,fly4,fly3,6564,6607,44,,
901,fly11,fly6,6565,6594,30,,
2674,fly8,fly11,6569,6610,42,,
41,fly9,fly2,6575,6594,20,,
728,fly2,fly5,6581,6676,96,,
1548,fly6,fly11,6586,6603,18,,
2747,fly8,fly6,6589,6610,22,,
2429,fly5,fly2,6599,6621,23,,
208,fly9,fly5,6607,6630,24,,
902,fly11,fly6,6611,6644,34,,
1014,fly11,fly8,6611,6643,33,,
2700,fly8,fly12,6611,6645,35,,
1178,fly12,fly6,6611,6630,20,,
1818,fly4,fly3,6614,6629,16,,
2748,fly8,fly6,6654,6724,71,,
2430,fly5,fly2,6654,6677,24,,
2675,fly8,fly11,6658,6674,17,,
903,fly11,fly6,6661,6687,27,,
1015,fly11,fly8,6662,6703,42,,
1255,fly12,fly5,6673,6698,26,,
2477,fly5,fly12,6695,6722,28,,
559,fly2,fly11,6696,6713,18,,
2833,fly8,fly5,6696,6714,19,,
1708,fly6,fly5,6700,6719,20,,
2701,fly8,fly12,6706,6731,26,,
2512,fly5,fly6,6711,6771,61,,
1585,fly6,fly12,6715,7007,293,,
1268,fly12,fly8,6717,7033,317,,
1728,fly6,fly8,6721,6735,15,,
2284,fly7,fly4,6736,6764,29,,
1959,fly4,fly7,6736,6764,29,,
1409,fly1,fly5,6737,6776,40,,
2488,fly5,fly1,6752,6868,117,,
1365,fly1,fly6,6756,6780,25,,
1729,fly6,fly8,6760,6831,72,,
1366,fly1,fly6,6807,7022,216,,
2014,fly4,fly8,6838,6914,77,,
1929,fly4,fly6,6841,6972,132,,
1641,fly6,fly4,6841,7017,177,,
1890,fly4,fly12,6842,7075,234,,
1202,fly12,fly4,6842,7051,210,,
1730,fly6,fly8,6848,6921,74,,
2321,fly7,fly5,6855,6873,19,,
2322,fly7,fly5,6883,6917,35,,
2776,fly8,fly4,6931,6963,33,,
2015,fly4,fly8,6937,6963,27,,
2702,fly8,fly12,6939,7064,126,,
560,fly2,fly11,6947,7042,96,,
1930,fly4,fly6,6976,7003,28,,
2218,fly7,fly1,7001,7022,22,,
1667,fly6,fly7,7004,7039,36,,
1931,fly4,fly6,7005,7089,85,,
2777,fly8,fly4,7006,7081,76,,
2016,fly4,fly8,7006,7034,29,,
1228,fly12,fly7,7008,7051,44,,
1616,fly6,fly1,7012,7029,18,,
1179,fly12,fly6,7020,7075,56,,
2749,fly8,fly6,7037,7050,14,,
2285,fly7,fly4,7049,7081,33,,
2341,fly7,fly8,7051,7102,52,,
464,fly3,fly5,7052,7068,17,,
1203,fly12,fly4,7053,7104,52,,
2802,fly8,fly7,7057,7102,46,,
42,fly9,fly2,7061,7075,15,,
43,fly9,fly2,7083,7100,18,,
1269,fly12,fly8,7086,7102,17,,
2778,fly8,fly4,7096,7120,25,,
2017,fly4,fly8,7103,7140,38,,
1180,fly12,fly6,7104,7155,52,,
836,fly11,fly2,7116,7136,21,,
963,fly11,fly7,7119,7175,57,,
2703,fly8,fly12,7122,7156,35,,
2750,fly8,fly6,7126,7173,48,,
1867,fly4,fly11,7135,7162,28,,
933,fly11,fly4,7139,7185,47,,
2018,fly4,fly8,7143,7165,23,,
1270,fly12,fly8,7144,7223,80,,
2065,fly7,fly9,7147,7186,40,,
789,fly11,fly9,7147,7173,27,,
44,fly9,fly2,7147,7163,17,,
1960,fly4,fly7,7149,7175,27,,
2286,fly7,fly4,7155,7186,32,,
1138,fly12,fly11,7155,7189,35,,
1891,fly4,fly12,7156,7190,35,,
1229,fly12,fly7,7160,7222,63,,
1204,fly12,fly4,7160,7193,34,,
1793,fly4,fly9,7167,7190,24,,
506,fly2,fly9,7169,7184,16,,
2676,fly8,fly11,7174,7191,18,,
2133,fly7,fly2,7181,7203,23,,
2176,fly7,fly11,7185,7211,27,,
1016,fly11,fly8,7191,7257,67,,
2342,fly7,fly8,7197,7252,56,,
964,fly11,fly7,7203,7217,15,,
155,fly9,fly4,7206,7222,17,,
2704,fly8,fly12,7211,7453,243,,
1794,fly4,fly9,7216,7245,30,,
965,fly11,fly7,7219,7240,22,,
1868,fly4,fly11,7219,7239,21,,
1181,fly12,fly6,7225,7712,488,,
156,fly9,fly4,7226,7241,16,,
2177,fly7,fly11,7232,7267,36,,
71,fly9,fly11,7242,7257,16,,
2066,fly7,fly9,7266,7291,26,,
1017,fly11,fly8,7279,7332,54,,
2134,fly7,fly2,7283,7302,20,,
837,fly11,fly2,7337,7406,70,,
691,fly2,fly7,7392,7412,21,,
2067,fly7,fly9,7414,7428,15,,
181,fly9,fly7,7429,7442,14,,
364,fly3,fly1,7430,7509,80,,
2705,fly8,fly12,7464,7483,20,,
1476,fly6,fly3,7481,7511,31,,
1586,fly6,fly12,7510,7523,14,,
1083,fly12,fly3,7522,7672,151,,
382,fly3,fly6,7523,7569,47,,
2528,fly5,fly4,7525,7556,32,,
1961,fly4,fly7,7529,7545,17,,
346,fly3,fly12,7531,7551,21,,
347,fly3,fly12,7556,7569,14,,
2677,fly8,fly11,7573,7625,53,,
2323,fly7,fly5,7589,7606,18,,
2562,fly5,fly7,7596,7629,34,,
383,fly3,fly6,7611,7649,39,,
2040,fly4,fly10,7661,7736,76,,
1477,fly6,fly3,7683,7705,23,,
384,fly3,fly6,7687,7728,42,,
1478,fly6,fly3,7734,7771,38,,
1367,fly1,fly6,7734,7768,35,,
1617,fly6,fly1,7739,7771,33,,
182,fly9,fly7,7754,7786,33,,
2068,fly7,fly9,7755,7780,26,,
1317,fly1,fly3,7760,7782,23,,
1618,fly6,fly1,7779,7795,17,,
1479,fly6,fly3,7786,7864,79,,
2135,fly7,fly2,7786,7811,26,,
692,fly2,fly7,7786,7810,25,,
385,fly3,fly6,7790,7809,20,,
365,fly3,fly1,7813,7828,16,,
1318,fly1,fly3,7828,7885,58,,
386,fly3,fly6,7829,7864,36,,
664,fly2,fly4,7843,7864,22,,
1869,fly4,fly11,7852,7878,27,,
1182,fly12,fly6,7862,7947,86,,
2803,fly8,fly7,7877,7912,36,,
2706,fly8,fly12,7880,7894,15,,
1480,fly6,fly3,7881,7898,18,,
387,fly3,fly6,7882,7896,15,,
2343,fly7,fly8,7886,7909,24,,
1319,fly1,fly3,7900,8016,117,,
1870,fly4,fly11,7907,7945,39,,
1018,fly11,fly8,7908,7933,26,,
1230,fly12,fly7,7914,7949,36,,
366,fly3,fly1,7917,7985,69,,
1019,fly11,fly8,7947,7962,16,,
2251,fly7,fly6,7947,7997,51,,
1587,fly6,fly12,7953,7978,26,,
1393,fly1,fly7,7958,8010,53,,
2103,fly7,fly3,7959,8010,52,,
2019,fly4,fly8,7961,7979,19,,
446,fly3,fly7,7965,7989,25,,
2219,fly7,fly1,7966,7980,15,,
388,fly3,fly6,7977,8008,32,,
1892,fly4,fly12,7981,8362,382,,
2779,fly8,fly4,7985,8030,46,,
2707,fly8,fly12,7988,8041,54,,
2220,fly7,fly1,7996,8013,18,,
1368,fly1,fly6,7999,8016,18,,
1481,fly6,fly3,8005,8021,17,,
1271,fly12,fly8,8010,8131,122,,
1619,fly6,fly1,8017,8037,21,,
1394,fly1,fly7,8018,8033,16,,
2020,fly4,fly8,8029,8143,115,,
2708,fly8,fly12,8063,8076,14,,
2608,fly5,fly10,8076,8098,23,,
2916,fly10,fly2,8134,8166,33,,
766,fly2,fly10,8135,8161,27,,
348,fly3,fly12,8179,8203,25,,
415,fly3,fly4,8182,8198,17,,
349,fly3,fly12,8227,8261,35,,
416,fly3,fly4,8245,8267,23,,
389,fly3,fly6,8266,8279,14,,
1482,fly6,fly3,8272,8362,91,,
997,fly11,fly5,8278,8315,38,,
2458,fly5,fly11,8278,8383,106,,
1642,fly6,fly4,8300,8356,57,,
1588,fly6,fly12,8317,8356,40,,
447,fly3,fly7,8339,8356,18,,
1205,fly12,fly4,8353,8648,296,,
1932,fly4,fly6,8354,8371,18,,
604,fly2,fly1,8389,8449,61,,
2287,fly7,fly4,8394,8414,21,,
1962,fly4,fly7,8395,8414,20,,
2201,fly7,fly12,8395,8417,23,,
1329,fly1,fly2,8406,8424,19,,
1084,fly12,fly3,8407,8428,22,,
1893,fly4,fly12,8409,8424,16,,
1668,fly6,fly7,8411,8434,24,,
2459,fly5,fly11,8430,8576,147,,
1330,fly1,fly2,8434,8480,47,,
1894,fly4,fly12,8448,8465,18,,
605,fly2,fly1,8472,8492,21,,
1331,fly1,fly2,8518,8541,24,,
904,fly11,fly6,8519,8570,52,,
2252,fly7,fly6,8525,8557,33,,
1085,fly12,fly3,8538,8551,14,,
2178,fly7,fly11,8541,8583,43,,
2324,fly7,fly5,8547,8577,31,,
2563,fly5,fly7,8547,8591,45,,
966,fly11,fly7,8563,8609,47,,
1086,fly12,fly3,8574,9031,458,,
1819,fly4,fly3,8596,8855,260,,
1065,fly12,fly9,8596,8613,18,,
1895,fly4,fly12,8602,8713,112,,
2564,fly5,fly7,8603,8812,210,,
157,fly9,fly4,8624,8802,179,,
1896,fly4,fly12,8717,8859,143,,
96,fly9,fly12,8767,8807,41,,
1113,fly12,fly2,8793,8839,47,,
2583,fly5,fly8,8804,8840,37,,
133,fly9,fly6,8816,8861,46,,
2804,fly8,fly7,8839,8852,14,,
158,fly9,fly4,8843,8868,26,,
533,fly2,fly3,8843,8858,16,,
2460,fly5,fly11,8845,8886,42,,
1643,fly6,fly4,8849,8867,19,,
586,fly2,fly12,8849,8876,28,,
2990,fly10,fly1,8856,8938,83,,
1066,fly12,fly9,8863,8876,14,,
1429,fly1,fly10,8865,8983,119,,
1842,fly4,fly2,8866,8879,14,,
636,fly2,fly6,8873,8886,14,,
1843,fly4,fly2,8884,8920,37,,
998,fly11,fly5,8935,9153,219,,
2991,fly10,fly1,8956,8988,33,,
1114,fly12,fly2,8961,8977,17,,
587,fly2,fly12,8961,8976,16,,
2021,fly4,fly8,8963,9010,48,,
2780,fly8,fly4,8963,9010,48,,
45,fly9,fly2,9019,9033,15,,
117,fly9,fly1,9035,9058,24,,
1589,fly6,fly12,9036,9094,59,,
1306,fly1,fly9,9039,9054,16,,
2992,fly10,fly1,9059,9121,63,,
183,fly9,fly7,9075,9094,20,,
2069,fly7,fly9,9075,9094,20,,
1183,fly12,fly6,9077,9154,78,,
1430,fly1,fly10,9081,9138,58,,
481,fly3,fly8,9089,9254,166,,
2635,fly8,fly3,9107,9254,148,,
1590,fly6,fly12,9109,9153,45,,
1820,fly4,fly3,9126,9243,118,,
767,fly2,fly10,9150,9190,41,,
693,fly2,fly7,9151,9211,61,,
2136,fly7,fly2,9151,9209,59,,
2374,fly7,fly10,9158,9208,51,,
1431,fly1,fly10,9161,9190,30,,
1395,fly1,fly7,9161,9195,35,,
1512,fly6,fly2,9176,9208,33,,
1764,fly6,fly10,9193,9237,45,,
3020,fly10,fly6,9197,9243,47,,
1332,fly1,fly2,9209,9244,36,,
606,fly2,fly1,9234,9303,70,,
1231,fly12,fly7,9244,9339,96,,
1333,fly1,fly2,9246,9310,65,,
1765,fly6,fly10,9253,9271,19,,
417,fly3,fly4,9256,9281,26,,
1513,fly6,fly2,9281,9301,21,,
1620,fly6,fly1,9285,9350,66,,
1369,fly1,fly6,9286,9347,62,,
1206,fly12,fly4,9319,9342,24,,
1207,fly12,fly4,9353,9373,21,,
1514,fly6,fly2,9358,9380,23,,
2202,fly7,fly12,9361,9374,14,,
2416,fly5,fly3,9373,9406,34,,
465,fly3,fly5,9373,9406,34,,
2565,fly5,fly7,9406,9419,14,,
2325,fly7,fly5,9406,9471,66,,
813,fly11,fly3,9420,9494,75,,
325,fly3,fly11,9420,9459,40,,
2566,fly5,fly7,9447,9477,31,,
2104,fly7,fly3,9453,9492,40,,
229,fly9,fly8,9453,9489,37,,
2623,fly8,fly9,9458,9484,27,,
2781,fly8,fly4,9489,9541,53,,
637,fly2,fly6,9505,9539,35,,
3105,fly10,fly8,9549,9598,50,,
3051,fly10,fly4,9553,9592,40,,
638,fly2,fly6,9564,9601,38,,
2041,fly4,fly10,9575,9593,19,,
2782,fly8,fly4,9593,9607,15,,
2854,fly8,fly10,9594,9619,26,,
3052,fly10,fly4,9602,9615,14,,
639,fly2,fly6,9610,9656,47,,
1208,fly12,fly4,9616,9647,32,,
1292,fly12,fly10,9620,9731,112,,
694,fly2,fly7,9628,9655,28,,
2042,fly4,fly10,9640,9654,15,,
1669,fly6,fly7,9642,9677,36,,
790,fly11,fly9,9643,10186,544,,
2968,fly10,fly12,9644,9665,22,,
2783,fly8,fly4,9645,9687,43,,
2022,fly4,fly8,9647,9691,45,,
695,fly2,fly7,9672,9686,15,,
640,fly2,fly6,9672,9697,26,,
2855,fly8,fly10,9680,9745,66,,
2969,fly10,fly12,9683,9731,49,,
1670,fly6,fly7,9697,9750,54,,
1272,fly12,fly8,9711,9740,30,,
3106,fly10,fly8,9712,9726,15,,
534,fly2,fly3,9715,9735,21,,
2137,fly7,fly2,9719,9736,18,,
1911,fly4,fly1,9733,9811,79,,
1383,fly1,fly4,9734,9805,72,,
3107,fly10,fly8,9739,9768,30,,
2138,fly7,fly2,9778,9792,15,,
1273,fly12,fly8,9790,9856,67,,
1515,fly6,fly2,9816,9857,42,,
2344,fly7,fly8,9857,9873,17,,
641,fly2,fly6,9858,9878,21,,
2805,fly8,fly7,9867,9945,79,,
2431,fly5,fly2,9873,9889,17,,
1274,fly12,fly8,9911,9931,21,,
1115,fly12,fly2,9919,9940,22,,
2655,fly8,fly2,9930,9954,25,,
588,fly2,fly12,9932,9955,24,,
743,fly2,fly8,9936,9958,23,,
2709,fly8,fly12,9956,9977,22,,
2139,fly7,fly2,9960,9999,40,,
2345,fly7,fly8,9963,10001,39,,
2806,fly8,fly7,9963,9997,35,,
2656,fly8,fly2,9966,10004,39,,
2203,fly7,fly12,9974,10004,31,,
744,fly2,fly8,9977,10008,32,,
1232,fly12,fly7,9999,10018,20,,
589,fly2,fly12,10003,10019,17,,
1116,fly12,fly2,10010,10029,20,,
696,fly2,fly7,10012,10048,37,,
1275,fly12,fly8,10015,10042,28,,
2513,fly5,fly6,10025,10091,67,,
2710,fly8,fly12,10030,10072,43,,
2140,fly7,fly2,10034,10049,16,,
2346,fly7,fly8,10035,10049,15,,
2657,fly8,fly2,10036,10080,45,,
2253,fly7,fly6,10051,10080,30,,
745,fly2,fly8,10053,10086,34,,
1293,fly12,fly10,10061,10165,105,,
2326,fly7,fly5,10070,10083,14,,
1709,fly6,fly5,10071,10092,22,,
590,fly2,fly12,10075,10119,45,,
1117,fly12,fly2,10091,10132,42,,
1276,fly12,fly8,10119,10151,33,,
2288,fly7,fly4,10136,10189,54,,
1118,fly12,fly2,10138,10324,187,,
2711,fly8,fly12,10138,10164,27,,
2917,fly10,fly2,10142,10221,80,,
326,fly3,fly11,10154,10186,33,,
2970,fly10,fly12,10156,10218,63,,
2751,fly8,fly6,10159,10201,43,,
814,fly11,fly3,10167,10218,52,,
1731,fly6,fly8,10170,10203,34,,
271,fly3,fly9,10181,10205,25,,
591,fly2,fly12,10181,10321,141,,
1591,fly6,fly12,10183,10201,19,,
2461,fly5,fly11,10192,10239,48,,
2712,fly8,fly12,10193,10209,17,,
2856,fly8,fly10,10205,10243,39,,
2752,fly8,fly6,10209,10243,35,,
862,fly11,fly12,10224,10298,75,,
1139,fly12,fly11,10224,10242,19,,
1020,fly11,fly8,10237,10304,68,,
46,fly9,fly2,10242,10330,89,,
507,fly2,fly9,10244,10297,54,,
2678,fly8,fly11,10244,10259,16,,
1067,fly12,fly9,10247,10383,137,,
2948,fly10,fly11,10247,10261,15,,
1038,fly11,fly10,10247,10308,62,,
97,fly9,fly12,10247,10261,15,,
1732,fly6,fly8,10248,10274,27,,
1766,fly6,fly10,10250,10264,15,,
1140,fly12,fly11,10257,10270,14,,
2713,fly8,fly12,10261,10301,41,,
2679,fly8,fly11,10266,10293,28,,
2949,fly10,fly11,10277,10291,15,,
1141,fly12,fly11,10278,10388,111,,
3108,fly10,fly8,10286,10312,27,,
1396,fly1,fly7,10286,10309,24,,
3021,fly10,fly6,10290,10310,21,,
1733,fly6,fly8,10307,10354,48,,
2221,fly7,fly1,10310,10327,18,,
1592,fly6,fly12,10311,10332,22,,
134,fly9,fly6,10313,10350,38,,
642,fly2,fly6,10313,10326,14,,
2857,fly8,fly10,10314,10338,25,,
1452,fly6,fly9,10316,10329,14,,
230,fly9,fly8,10318,10352,35,,
98,fly9,fly12,10320,10337,18,,
2714,fly8,fly12,10321,10349,29,,
2971,fly10,fly12,10353,10398,46,,
643,fly2,fly6,10354,10375,22,,
2753,fly8,fly6,10359,10550,192,,
746,fly2,fly8,10360,10377,18,,
592,fly2,fly12,10366,10427,62,,
2878,fly10,fly9,10366,10430,65,,
2715,fly8,fly12,10378,10547,170,,
508,fly2,fly9,10380,10410,31,,
72,fly9,fly11,10383,10405,23,,
2624,fly8,fly9,10383,10400,18,,
1985,fly4,fly5,10384,10398,15,,
231,fly9,fly8,10385,10413,29,,
2918,fly10,fly2,10385,10407,23,,
2105,fly7,fly3,10386,10421,36,,
448,fly3,fly7,10386,10415,30,,
1277,fly12,fly8,10386,10536,151,,
135,fly9,fly6,10387,10410,24,,
99,fly9,fly12,10389,10412,24,,
1119,fly12,fly2,10389,10437,49,,
47,fly9,fly2,10390,10451,62,,
1184,fly12,fly6,10397,10429,33,,
2043,fly4,fly10,10399,10412,14,,
644,fly2,fly6,10400,10417,18,,
1549,fly6,fly11,10401,10418,18,,
2680,fly8,fly11,10402,10449,48,,
747,fly2,fly8,10402,10437,36,,
159,fly9,fly4,10406,10446,41,,
1209,fly12,fly4,10407,10424,18,,
2023,fly4,fly8,10419,10528,110,,
209,fly9,fly5,10428,10445,18,,
1210,fly12,fly4,10429,10445,17,,
1897,fly4,fly12,10430,10445,16,,
729,fly2,fly5,10433,10458,26,,
1185,fly12,fly6,10439,10550,112,,
1550,fly6,fly11,10445,10503,59,,
210,fly9,fly5,10453,10539,87,,
2681,fly8,fly11,10453,10473,21,,
1593,fly6,fly12,10456,10470,15,,
768,fly2,fly10,10464,10482,19,,
2478,fly5,fly12,10474,10538,65,,
1594,fly6,fly12,10478,10501,24,,
1734,fly6,fly8,10504,10581,78,,
1453,fly6,fly9,10526,10543,18,,
1142,fly12,fly11,10529,10550,22,,
1256,fly12,fly5,10551,10603,53,,
2754,fly8,fly6,10555,10590,36,,
232,fly9,fly8,10560,10594,35,,
2834,fly8,fly5,10574,10592,19,,
48,fly9,fly2,10575,10604,30,,
1278,fly12,fly8,10584,10602,19,,
1143,fly12,fly11,10599,10620,22,,
1595,fly6,fly12,10600,10631,32,,
1710,fly6,fly5,10602,10617,16,,
2514,fly5,fly6,10602,10619,18,,
2584,fly5,fly8,10624,10703,80,,
730,fly2,fly5,10654,10713,60,,
2835,fly8,fly5,10723,10746,24,,
815,fly11,fly3,10726,10743,18,,
327,fly3,fly11,10733,10786,54,,
2585,fly5,fly8,10742,10776,35,,
118,fly9,fly1,10742,10766,25,,
2901,fly10,fly3,10761,10806,46,,
1307,fly1,fly9,10772,10795,24,,
495,fly3,fly10,10787,10805,19,,
1596,fly6,fly12,10789,10887,99,,
16,fly9,fly3,10799,10832,34,,
1308,fly1,fly9,10817,10832,16,,
272,fly3,fly9,10818,10851,34,,
119,fly9,fly1,10837,10851,15,,
1963,fly4,fly7,10845,10939,95,,
1343,fly1,fly11,10847,10923,77,,
1144,fly12,fly11,10883,10916,34,,
863,fly11,fly12,10883,10942,60,,
1597,fly6,fly12,10889,11050,162,,
864,fly11,fly12,10945,11127,183,,
2347,fly7,fly8,11020,11034,15,,
307,fly3,fly2,11023,11063,41,,
697,fly2,fly7,11038,11065,28,,
1186,fly12,fly6,11043,11202,160,,
2106,fly7,fly3,11044,11083,40,,
449,fly3,fly7,11044,11069,26,,
17,fly9,fly3,11061,11075,15,,
273,fly3,fly9,11072,11124,53,,
49,fly9,fly2,11083,11103,21,,
816,fly11,fly3,11107,11133,27,,
607,fly2,fly1,11111,11132,22,,
328,fly3,fly11,11125,11140,16,,
1087,fly12,fly3,11136,11156,21,,
350,fly3,fly12,11139,11153,15,,
872,fly11,fly1,11149,11311,163,,
73,fly9,fly11,11189,11221,33,,
184,fly9,fly7,11238,11261,24,,
2070,fly7,fly9,11239,11258,20,,
1767,fly6,fly10,11273,11320,48,,
3022,fly10,fly6,11278,11304,27,,
1068,fly12,fly9,11294,11643,350,,
1432,fly1,fly10,11308,11346,39,,
3072,fly10,fly7,11319,11333,15,,
905,fly11,fly6,11328,11343,16,,
2836,fly8,fly5,11361,11423,63,,
100,fly9,fly12,11364,11383,20,,
1433,fly1,fly10,11369,11384,16,,
2993,fly10,fly1,11369,11407,39,,
1551,fly6,fly11,11385,11466,82,,
2784,fly8,fly4,11424,11465,42,,
2024,fly4,fly8,11425,11469,45,,
1986,fly4,fly5,11425,11460,36,,
3023,fly10,fly6,11436,11457,22,,
466,fly3,fly5,11453,11505,53,,
2417,fly5,fly3,11453,11508,56,,
2785,fly8,fly4,11468,11515,48,,
1987,fly4,fly5,11470,11805,336,,
2837,fly8,fly5,11479,11514,36,,
2222,fly7,fly1,11487,11500,14,,
1671,fly6,fly7,11501,11522,22,,
482,fly3,fly8,11505,11521,17,,
2636,fly8,fly3,11512,11539,28,,
418,fly3,fly4,11516,11530,15,,
2254,fly7,fly6,11516,11539,24,,
1672,fly6,fly7,11547,11579,33,,
467,fly3,fly5,11550,11577,28,,
2682,fly8,fly11,11652,11686,35,,
1768,fly6,fly10,11665,11710,46,,
2838,fly8,fly5,11698,11787,90,,
2786,fly8,fly4,11725,11812,88,,
1598,fly6,fly12,11734,11834,101,,
608,fly2,fly1,11797,11872,76,,
1334,fly1,fly2,11798,11850,53,,
2025,fly4,fly8,11800,11833,34,,
3024,fly10,fly6,11829,11844,16,,
233,fly9,fly8,11838,11856,19,,
2919,fly10,fly2,11873,11905,33,,
769,fly2,fly10,11912,11939,28,,
1145,fly12,fly11,11921,11947,27,,
1146,fly12,fly11,11955,12204,250,,
2920,fly10,fly2,11979,12000,22,,
2902,fly10,fly3,12004,12034,31,,
496,fly3,fly10,12016,12033,18,,
2071,fly7,fly9,12024,12052,29,,
1735,fly6,fly8,12031,12044,14,,
185,fly9,fly7,12031,12052,22,,
1320,fly1,fly3,12032,12335,304,,
2683,fly8,fly11,12150,12190,41,,
1021,fly11,fly8,12150,12169,20,,
2399,fly5,fly9,12155,12172,18,,
865,fly11,fly12,12176,12200,25,,
2716,fly8,fly12,12191,12238,48,,
1552,fly6,fly11,12215,12233,19,,
3073,fly10,fly7,12217,12230,14,,
1279,fly12,fly8,12248,12263,16,,
2432,fly5,fly2,12248,12278,31,,
2726,fly8,fly1,12259,12335,77,,
2637,fly8,fly3,12277,12293,17,,
1988,fly4,fly5,12280,12306,27,,
450,fly3,fly7,12300,12357,58,,
2879,fly10,fly9,12305,12320,16,,
2755,fly8,fly6,12322,12370,49,,
2529,fly5,fly4,12326,12340,15,,
2727,fly8,fly1,12337,12361,25,,
1736,fly6,fly8,12338,12362,25,,
2107,fly7,fly3,12354,12381,28,,
1370,fly1,fly6,12354,12380,27,,
390,fly3,fly6,12366,12381,16,,
2348,fly7,fly8,12366,12399,34,,
665,fly2,fly4,12370,12387,18,,
483,fly3,fly8,12371,12386,16,,
561,fly2,fly11,12380,12402,23,,
484,fly3,fly8,12388,12404,17,,
838,fly11,fly2,12389,12403,15,,
2638,fly8,fly3,12390,12404,15,,
2950,fly10,fly11,12488,12544,57,,
535,fly2,fly3,12490,12512,23,,
308,fly3,fly2,12490,12533,44,,
1964,fly4,fly7,12536,12552,17,,
1039,fly11,fly10,12538,12553,16,,
906,fly11,fly6,12594,12630,37,,
1553,fly6,fly11,12595,12629,35,,
1280,fly12,fly8,12603,12650,48,,
666,fly2,fly4,12616,12635,20,,
3074,fly10,fly7,12618,12676,59,,
770,fly2,fly10,12632,12665,34,,
2728,fly8,fly1,12633,12684,52,,
1844,fly4,fly2,12634,12652,19,,
2921,fly10,fly2,12681,12695,15,,
1069,fly12,fly9,12686,12723,38,,
1965,fly4,fly7,12692,12710,19,,
101,fly9,fly12,12725,12754,30,,
771,fly2,fly10,12730,12762,33,,
1516,fly6,fly2,12737,12763,27,,
645,fly2,fly6,12739,12754,16,,
2289,fly7,fly4,12751,12773,23,,
646,fly2,fly6,12758,12775,18,,
274,fly3,fly9,12786,12799,14,,
1795,fly4,fly9,12797,12827,31,,
160,fly9,fly4,12797,12816,20,,
419,fly3,fly4,12825,12858,34,,
1821,fly4,fly3,12825,12852,28,,
1397,fly1,fly7,12828,12860,33,,
136,fly9,fly6,12842,12869,28,,
1454,fly6,fly9,12843,12875,33,,
2729,fly8,fly1,12861,12903,43,,
1415,fly1,fly8,12864,12886,23,,
275,fly3,fly9,12865,12883,19,,
1483,fly6,fly3,12878,12897,20,,
1416,fly1,fly8,12911,12930,20,,
1484,fly6,fly3,12911,12941,31,,
2717,fly8,fly12,12912,12937,26,,
1455,fly6,fly9,12925,12940,16,,
1356,fly1,fly12,12926,13176,251,,
18,fly9,fly3,12935,12952,18,,
276,fly3,fly9,12965,12990,26,,
1737,fly6,fly8,12981,12998,18,,
2756,fly8,fly6,12981,12994,14,,
19,fly9,fly3,12984,13003,20,,
934,fly11,fly4,12998,13068,71,,
1871,fly4,fly11,12999,13074,76,,
234,fly9,fly8,13027,13043,17,,
2625,fly8,fly9,13027,13045,19,,
485,fly3,fly8,13044,13059,16,,
2639,fly8,fly3,13045,13073,29,,
1456,fly6,fly9,13064,13144,81,,
873,fly11,fly1,13095,13199,105,,
1872,fly4,fly11,13097,13115,19,,
161,fly9,fly4,13131,13170,40,,
1796,fly4,fly9,13132,13183,52,,
2179,fly7,fly11,13152,13188,37,,
1457,fly6,fly9,13156,13233,78,,
1644,fly6,fly4,13159,13240,82,,
1933,fly4,fly6,13159,13254,96,,
486,fly3,fly8,13172,13239,68,,
186,fly9,fly7,13186,13237,52,,
2072,fly7,fly9,13186,13236,51,,
2290,fly7,fly4,13190,13217,28,,
1797,fly4,fly9,13199,13233,35,,
74,fly9,fly11,13201,13220,20,,
2180,fly7,fly11,13203,13261,59,,
162,fly9,fly4,13216,13259,44,,
137,fly9,fly6,13225,13241,17,,
2291,fly7,fly4,13228,13255,28,,
791,fly11,fly9,13231,13244,14,,
75,fly9,fly11,13234,13306,73,,
907,fly11,fly6,13234,13259,26,,
935,fly11,fly4,13237,13257,21,,
2640,fly8,fly3,13238,13284,47,,
967,fly11,fly7,13251,13279,29,,
487,fly3,fly8,13268,13283,16,,
2255,fly7,fly6,13271,13287,17,,
792,fly11,fly9,13316,13345,30,,
2839,fly8,fly5,13319,13446,128,,
2586,fly5,fly8,13319,13348,30,,
1357,fly1,fly12,13330,13363,34,,
76,fly9,fly11,13333,13401,69,,
1309,fly1,fly9,13342,13369,28,,
908,fly11,fly6,13365,13406,42,,
120,fly9,fly1,13369,13386,18,,
1310,fly1,fly9,13372,13417,46,,
2587,fly5,fly8,13372,13446,75,,
1358,fly1,fly12,13397,13416,20,,
1517,fly6,fly2,13400,13426,27,,
2026,fly4,fly8,13414,13446,33,,
1989,fly4,fly5,13429,13516,88,,
2530,fly5,fly4,13436,13516,81,,
50,fly9,fly2,13447,13465,19,,
1311,fly1,fly9,13447,13460,14,,
874,fly11,fly1,13456,13627,172,,
121,fly9,fly1,13473,13821,349,,
1845,fly4,fly2,13506,13526,21,,
698,fly2,fly7,13526,13539,14,,
488,fly3,fly8,13560,13585,26,,
2641,fly8,fly3,13560,13574,15,,
536,fly2,fly3,13597,13610,14,,
309,fly3,fly2,13597,13624,28,,
2658,fly8,fly2,13604,13636,33,,
748,fly2,fly8,13606,13623,18,,
1040,fly11,fly10,13619,13699,81,,
2951,fly10,fly11,13620,13657,38,,
749,fly2,fly8,13637,13656,20,,
2994,fly10,fly1,13665,13696,32,,
537,fly2,fly3,13671,13688,18,,
2952,fly10,fly11,13682,13699,18,,
2787,fly8,fly4,13711,13759,49,,
310,fly3,fly2,13723,13769,47,,
3025,fly10,fly6,13731,13751,21,,
1769,fly6,fly10,13738,13758,21,,
2995,fly10,fly1,13761,13969,209,,
1434,fly1,fly10,13772,13787,16,,
1554,fly6,fly11,13777,13847,71,,
538,fly2,fly3,13783,13813,31,,
539,fly2,fly3,13817,13834,18,,
2073,fly7,fly9,13824,13850,27,,
968,fly11,fly7,13851,13864,14,,
77,fly9,fly11,13862,13902,41,,
667,fly2,fly4,13862,13979,118,,
102,fly9,fly12,13903,13933,31,,
875,fly11,fly1,13935,14017,83,,
1485,fly6,fly3,13966,13992,27,,
1435,fly1,fly10,13966,13982,17,,
391,fly3,fly6,13968,13991,24,,
3075,fly10,fly7,13970,14006,37,,
2223,fly7,fly1,13974,14015,42,,
1041,fly11,fly10,13979,14007,29,,
647,fly2,fly6,13981,13995,15,,
2181,fly7,fly11,13983,14017,35,,
969,fly11,fly7,13983,14016,34,,
2375,fly7,fly10,13983,13997,15,,
1398,fly1,fly7,13990,14008,19,,
1088,fly12,fly3,13991,14029,39,,
351,fly3,fly12,13997,14028,32,,
2376,fly7,fly10,13999,14021,23,,
1518,fly6,fly2,14009,14026,18,,
3076,fly10,fly7,14011,14029,19,,
2996,fly10,fly1,14015,14051,37,,
1344,fly1,fly11,14017,14051,35,,
648,fly2,fly6,14019,14056,38,,
2953,fly10,fly11,14022,14051,30,,
1436,fly1,fly10,14034,14060,27,,
311,fly3,fly2,14035,14080,46,,
1120,fly12,fly2,14046,14084,39,,
1399,fly1,fly7,14047,14072,26,,
593,fly2,fly12,14048,14084,37,,
1042,fly11,fly10,14051,14088,38,,
970,fly11,fly7,14057,14101,45,,
2224,fly7,fly1,14057,14106,50,,
649,fly2,fly6,14061,14077,17,,
2182,fly7,fly11,14062,14118,57,,
876,fly11,fly1,14063,14101,39,,
2377,fly7,fly10,14066,14126,61,,
1187,fly12,fly6,14068,14112,45,,
1599,fly6,fly12,14070,14118,49,,
2954,fly10,fly11,14076,14092,17,,
2997,fly10,fly1,14076,14092,17,,
3077,fly10,fly7,14102,14144,43,,
1281,fly12,fly8,14114,14129,16,,
1345,fly1,fly11,14119,14157,39,,
2998,fly10,fly1,14121,14228,108,,
1990,fly4,fly5,14124,14186,63,,
2531,fly5,fly4,14124,14186,63,,
1437,fly1,fly10,14127,14219,93,,
1089,fly12,fly3,14130,14153,24,,
2955,fly10,fly11,14135,14231,97,,
1282,fly12,fly8,14156,14202,47,,
352,fly3,fly12,14171,14251,81,,
2788,fly8,fly4,14173,14191,19,,
2027,fly4,fly8,14208,14224,17,,
2588,fly5,fly8,14210,14230,21,,
1991,fly4,fly5,14210,14231,22,,
1346,fly1,fly11,14227,14262,36,,
2922,fly10,fly2,14232,14263,32,,
1438,fly1,fly10,14237,14261,25,,
1090,fly12,fly3,14255,14270,16,,
2999,fly10,fly1,14273,14291,19,,
2923,fly10,fly2,14274,14291,18,,
1091,fly12,fly3,14290,14375,86,,
3078,fly10,fly7,14291,14308,18,,
609,fly2,fly1,14300,14319,20,,
1347,fly1,fly11,14304,14373,70,,
2349,fly7,fly8,14318,14347,30,,
2807,fly8,fly7,14318,14347,30,,
2292,fly7,fly4,14356,14376,21,,
2567,fly5,fly7,14358,14376,19,,
610,fly2,fly1,14362,14392,31,,
1966,fly4,fly7,14365,14445,81,,
1822,fly4,fly3,14379,14398,20,,
1335,fly1,fly2,14396,14416,21,,
611,fly2,fly1,14398,14437,40,,
1823,fly4,fly3,14400,14441,42,,
1600,fly6,fly12,14403,14433,31,,
420,fly3,fly4,14405,14439,35,,
392,fly3,fly6,14421,14457,37,,
1934,fly4,fly6,14430,14466,37,,
1824,fly4,fly3,14444,14474,31,,
2256,fly7,fly6,14453,14468,16,,
1336,fly1,fly2,14455,14477,23,,
1645,fly6,fly4,14460,14473,14,,
1486,fly6,fly3,14466,14482,17,,
451,fly3,fly7,14481,14498,18,,
393,fly3,fly6,14486,14502,17,,
2108,fly7,fly3,14497,14521,25,,
2659,fly8,fly2,14531,14586,56,,
421,fly3,fly4,14547,14900,354,,
1825,fly4,fly3,14547,14770,224,,
2204,fly7,fly12,14559,14596,38,,
1070,fly12,fly9,14570,14602,33,,
103,fly9,fly12,14571,14609,39,,
187,fly9,fly7,14590,14605,16,,
1233,fly12,fly7,14595,14611,17,,
971,fly11,fly7,14648,14672,25,,
2808,fly8,fly7,14718,14739,22,,
2350,fly7,fly8,14720,14739,20,,
1147,fly12,fly11,14732,14745,14,,
2141,fly7,fly2,14756,14781,26,,
1673,fly6,fly7,14757,14778,22,,
2257,fly7,fly6,14764,14786,23,,
1519,fly6,fly2,14775,14807,33,,
1417,fly1,fly8,14797,14822,26,,
1826,fly4,fly3,14798,14874,77,,
2730,fly8,fly1,14813,14844,32,,
1348,fly1,fly11,14841,14880,40,,
1418,fly1,fly8,14847,14888,42,,
2731,fly8,fly1,14877,14896,20,,
1043,fly11,fly10,14881,14898,18,,
2684,fly8,fly11,14885,14913,29,,
2532,fly5,fly4,14889,15127,239,,
2956,fly10,fly11,14894,14907,14,,
1992,fly4,fly5,14900,15127,228,,
3109,fly10,fly8,14904,14919,16,,
1148,fly12,fly11,14920,14939,20,,
2858,fly8,fly10,14929,14947,19,,
1149,fly12,fly11,14951,15083,133,,
1371,fly1,fly6,14976,15071,96,,
2859,fly8,fly10,14981,15107,127,,
3000,fly10,fly1,14987,15058,72,,
1372,fly1,fly6,15076,15115,40,,
2809,fly8,fly7,15081,15098,18,,
250,fly9,fly10,15086,15126,41,,
909,fly11,fly6,15090,15119,30,,
1555,fly6,fly11,15091,15116,26,,
2880,fly10,fly9,15093,15115,23,,
877,fly11,fly1,15111,15831,721,,
1349,fly1,fly11,15116,15774,659,,
1188,fly12,fly6,15121,15142,22,,
1601,fly6,fly12,15121,15142,22,,
2810,fly8,fly7,15128,15142,15,,
1458,fly6,fly9,15164,15198,35,,
2351,fly7,fly8,15164,15186,23,,
2881,fly10,fly9,15164,15187,24,,
251,fly9,fly10,15169,15205,37,,
138,fly9,fly6,15182,15198,17,,
2533,fly5,fly4,15201,15277,77,,
1993,fly4,fly5,15201,15272,72,,
2811,fly8,fly7,15253,15280,28,,
211,fly9,fly5,15349,15408,60,,
2400,fly5,fly9,15349,15393,45,,
1211,fly12,fly4,15388,15402,15,,
1212,fly12,fly4,15406,15436,31,,
2109,fly7,fly3,15409,15432,24,,
1898,fly4,fly12,15441,15537,97,,
212,fly9,fly5,15449,15524,76,,
2401,fly5,fly9,15469,15513,45,,
2882,fly10,fly9,15474,15540,67,,
3094,fly10,fly5,15501,15531,31,,
2609,fly5,fly10,15502,15530,29,,
2589,fly5,fly8,15502,15542,41,,
312,fly3,fly2,15504,15525,22,,
540,fly2,fly3,15505,15518,14,,
3110,fly10,fly8,15508,15523,16,,
2840,fly8,fly5,15517,15533,17,,
509,fly2,fly9,15523,15537,15,,
213,fly9,fly5,15528,15596,69,,
772,fly2,fly10,15536,15551,16,,
235,fly9,fly8,15554,15613,60,,
2924,fly10,fly2,15570,15605,36,,
2590,fly5,fly8,15575,15604,30,,
2841,fly8,fly5,15575,15602,28,,
2626,fly8,fly9,15578,15601,24,,
1234,fly12,fly7,15587,15615,29,,
2925,fly10,fly2,15610,15642,33,,
2293,fly7,fly4,15618,15636,19,,
750,fly2,fly8,15624,15642,19,,
236,fly9,fly8,15651,15672,22,,
51,fly9,fly2,15655,15688,34,,
2515,fly5,fly6,15659,15705,47,,
2642,fly8,fly3,15661,15689,29,,
1711,fly6,fly5,15662,15702,41,,
510,fly2,fly9,15664,15680,17,,
1967,fly4,fly7,15687,15724,38,,
650,fly2,fly6,15697,15714,18,,
1912,fly4,fly1,15709,15801,93,,
2433,fly5,fly2,15717,15739,23,,
936,fly11,fly4,15721,15767,47,,
237,fly9,fly8,15723,15782,60,,
1873,fly4,fly11,15725,15766,42,,
2860,fly8,fly10,15754,15787,34,,
2183,fly7,fly11,15756,15779,24,,
1283,fly12,fly8,15756,15781,26,,
2718,fly8,fly12,15757,15796,40,,
1350,fly1,fly11,15776,15814,39,,
1071,fly12,fly9,15793,15836,44,,
104,fly9,fly12,15794,15888,95,,
2861,fly8,fly10,15797,15831,35,,
937,fly11,fly4,15811,15861,51,,
1351,fly1,fly11,15816,16054,239,,
1874,fly4,fly11,15827,15860,34,,
2862,fly8,fly10,15846,15864,19,,
699,fly2,fly7,15866,15899,34,,
2142,fly7,fly2,15866,15892,27,,
2863,fly8,fly10,15874,15910,37,,
1846,fly4,fly2,15931,15949,19,,
668,fly2,fly4,15932,15965,34,,
1602,fly6,fly12,15950,15972,23,,
1847,fly4,fly2,15955,15968,14,,
2864,fly8,fly10,15970,15990,21,,
2294,fly7,fly4,16002,16038,37,,
1968,fly4,fly7,16002,16048,47,,
2479,fly5,fly12,16016,16087,72,,
1044,fly11,fly10,16045,16065,21,,
839,fly11,fly2,16061,16080,20,,
1257,fly12,fly5,16070,16090,21,,
1045,fly11,fly10,16096,16126,31,,
840,fly11,fly2,16102,16179,78,,
773,fly2,fly10,16104,16127,24,,
2926,fly10,fly2,16118,16134,17,,
2957,fly10,fly11,16146,16159,14,,
1337,fly1,fly2,16147,16207,61,,
2534,fly5,fly4,16149,16177,29,,
841,fly11,fly2,16187,16210,24,,
612,fly2,fly1,16199,16314,116,,
878,fly11,fly1,16202,16227,26,,
2812,fly8,fly7,16204,16230,27,,
3026,fly10,fly6,16251,16321,71,,
1284,fly12,fly8,16264,16279,16,,
2719,fly8,fly12,16269,16282,14,,
2927,fly10,fly2,16269,16314,46,,
972,fly11,fly7,16275,16316,42,,
2184,fly7,fly11,16297,16313,17,,
2643,fly8,fly3,16324,16364,41,,
489,fly3,fly8,16324,16346,23,,
651,fly2,fly6,16334,16352,19,,
214,fly9,fly5,16353,16369,17,,
1439,fly1,fly10,16354,16389,36,,
2258,fly7,fly6,16356,16374,19,,
1520,fly6,fly2,16358,16371,14,,
1674,fly6,fly7,16359,16375,17,,
353,fly3,fly12,16373,16387,15,,
910,fly11,fly6,16377,16403,27,,
3001,fly10,fly1,16383,16410,28,,
2143,fly7,fly2,16388,16403,16,,
1150,fly12,fly11,16395,16413,19,,
1913,fly4,fly1,16398,16448,51,,
1384,fly1,fly4,16399,16444,46,,
1675,fly6,fly7,16401,16432,32,,
2928,fly10,fly2,16426,16439,14,,
329,fly3,fly11,16427,16449,23,,
2044,fly4,fly10,16449,16496,48,,
1603,fly6,fly12,16450,16467,18,,
1848,fly4,fly2,16452,16473,22,,
669,fly2,fly4,16452,16468,17,,
1189,fly12,fly6,16459,16492,34,,
817,fly11,fly3,16462,16499,38,,
1235,fly12,fly7,16465,16518,54,,
3053,fly10,fly4,16467,16495,29,,
2205,fly7,fly12,16470,16485,16,,
2259,fly7,fly6,16475,16491,17,,
1676,fly6,fly7,16491,16521,31,,
2110,fly7,fly3,16500,16543,44,,
613,fly2,fly1,16505,16593,89,,
2685,fly8,fly11,16509,17082,574,,
2929,fly10,fly2,16521,16537,17,,
1022,fly11,fly8,16527,16786,260,,
774,fly2,fly10,16538,16585,48,,
1935,fly4,fly6,16574,16588,15,,
1236,fly12,fly7,16600,16625,26,,
1770,fly6,fly10,16612,16628,17,,
1899,fly4,fly12,16618,16636,19,,
2111,fly7,fly3,16624,16648,25,,
20,fly9,fly3,16640,16666,27,,
277,fly3,fly9,16641,16660,20,,
2295,fly7,fly4,16643,16658,16,,
2972,fly10,fly12,16667,16752,86,,
21,fly9,fly3,16672,16884,213,,
163,fly9,fly4,16676,16707,32,,
1798,fly4,fly9,16677,16706,30,,
1827,fly4,fly3,16680,16703,24,,
3002,fly10,fly1,16695,16878,184,,
2378,fly7,fly10,16701,16744,44,,
278,fly3,fly9,16717,16882,166,,
1156,fly12,fly1,16729,16882,154,,
1875,fly4,fly11,16746,16807,62,,
2225,fly7,fly1,16747,16760,14,,
1712,fly6,fly5,16752,17014,263,,
2789,fly8,fly4,16757,16796,40,,
2028,fly4,fly8,16760,16816,57,,
2973,fly10,fly12,16766,16810,45,,
938,fly11,fly4,16777,16792,16,,
2260,fly7,fly6,16779,16846,68,,
1023,fly11,fly8,16812,17069,258,,
2974,fly10,fly12,16813,16829,17,,
1294,fly12,fly10,16850,17085,236,,
2516,fly5,fly6,16937,17014,78,,
279,fly3,fly9,16966,17097,132,,
1157,fly12,fly1,17016,17062,47,,
2144,fly7,fly2,17041,17055,15,,
3027,fly10,fly6,17042,17058,17,,
2975,fly10,fly12,17054,17085,32,,
3028,fly10,fly6,17075,17097,23,,
1190,fly12,fly6,17081,17208,128,,
2489,fly5,fly1,17113,17139,27,,
1410,fly1,fly5,17115,17179,65,,
2517,fly5,fly6,17151,17201,51,,
2352,fly7,fly8,17153,17174,22,,
2185,fly7,fly11,17175,17198,24,,
1258,fly12,fly5,17177,17199,23,,
2480,fly5,fly12,17178,17191,14,,
1259,fly12,fly5,17266,17280,15,,
2145,fly7,fly2,17275,17293,19,,
2045,fly4,fly10,17282,17328,47,,
3054,fly10,fly4,17282,17333,52,,
700,fly2,fly7,17301,17350,50,,
394,fly3,fly6,17304,17327,24,,
1487,fly6,fly3,17311,17327,17,,
1488,fly6,fly3,17333,17355,23,,
1994,fly4,fly5,17339,17365,27,,
1738,fly6,fly8,17356,17374,19,,
2644,fly8,fly3,17397,17429,33,,
1556,fly6,fly11,17399,17418,20,,
701,fly2,fly7,17404,17421,18,,
1213,fly12,fly4,17406,17646,241,,
702,fly2,fly7,17434,17449,16,,
703,fly2,fly7,17457,17472,16,,
1557,fly6,fly11,17467,17510,44,,
911,fly11,fly6,17467,17506,40,,
2146,fly7,fly2,17476,17507,32,,
2186,fly7,fly11,17524,17568,45,,
973,fly11,fly7,17524,17570,47,,
842,fly11,fly2,17569,17582,14,,
562,fly2,fly11,17571,17619,49,,
1489,fly6,fly3,17582,17651,70,,
1521,fly6,fly2,17630,17669,40,,
652,fly2,fly6,17631,17680,50,,
1914,fly4,fly1,17635,17653,19,,
1385,fly1,fly4,17646,17671,26,,
330,fly3,fly11,17655,17670,16,,
2379,fly7,fly10,17666,17694,29,,
1214,fly12,fly4,17670,17699,30,,
1900,fly4,fly12,17672,17687,16,,
818,fly11,fly3,17695,17708,14,,
1215,fly12,fly4,17705,17718,14,,
1901,fly4,fly12,17711,17870,160,,
1386,fly1,fly4,17772,17786,15,,
614,fly2,fly1,17785,17799,15,,
2813,fly8,fly7,17792,17823,32,,
1216,fly12,fly4,17855,17870,16,,
1373,fly1,fly6,17903,17945,43,,
1799,fly4,fly9,17904,17924,21,,
2380,fly7,fly10,17938,17962,25,,
939,fly11,fly4,17943,17993,51,,
1621,fly6,fly1,17943,17994,52,,
2903,fly10,fly3,17953,17971,19,,
1260,fly12,fly5,17956,18105,150,,
819,fly11,fly3,17959,17994,36,,
238,fly9,fly8,17962,17993,32,,
2381,fly7,fly10,17965,17984,20,,
3079,fly10,fly7,17972,18016,45,,
1374,fly1,fly6,17978,18008,31,,
2046,fly4,fly10,18000,18038,39,,
615,fly2,fly1,18018,18103,86,,
3055,fly10,fly4,18033,18049,17,,
1876,fly4,fly11,18050,18084,35,,
2353,fly7,fly8,18065,18096,32,,
2814,fly8,fly7,18078,18096,19,,
940,fly11,fly4,18082,18123,42,,
215,fly9,fly5,18097,18247,151,,
2402,fly5,fly9,18098,18168,71,,
2481,fly5,fly12,18099,18153,55,,
105,fly9,fly12,18102,18129,28,,
1072,fly12,fly9,18102,18178,77,,
731,fly2,fly5,18121,18144,24,,
52,fly9,fly2,18136,18171,36,,
106,fly9,fly12,18142,18180,39,,
511,fly2,fly9,18149,18187,39,,
2434,fly5,fly2,18155,18177,23,,
2790,fly8,fly4,18163,18186,24,,
1237,fly12,fly7,18198,18246,49,,
2206,fly7,fly12,18198,18250,53,,
1771,fly6,fly10,18202,18231,30,,
3029,fly10,fly6,18202,18217,16,,
512,fly2,fly9,18202,18219,18,,
1024,fly11,fly8,18227,18258,32,,
2686,fly8,fly11,18235,18265,31,,
2403,fly5,fly9,18246,18302,57,,
1338,fly1,fly2,18252,18267,16,,
2327,fly7,fly5,18259,18278,20,,
2568,fly5,fly7,18269,18308,40,,
2074,fly7,fly9,18271,18332,62,,
1217,fly12,fly4,18283,18301,19,,
1739,fly6,fly8,18296,18314,19,,
2757,fly8,fly6,18296,18321,26,,
122,fly9,fly1,18310,18341,32,,
1312,fly1,fly9,18314,18479,166,,
1902,fly4,fly12,18325,18348,24,,
1740,fly6,fly8,18330,18345,16,,
188,fly9,fly7,18331,18374,44,,
704,fly2,fly7,18343,18413,71,,
775,fly2,fly10,18440,18488,49,,
705,fly2,fly7,18447,18460,14,,
2930,fly10,fly2,18455,18491,37,,
1558,fly6,fly11,18471,18497,27,,
912,fly11,fly6,18490,18537,48,,
422,fly3,fly4,18496,18516,21,,
1313,fly1,fly9,18499,18531,33,,
1604,fly6,fly12,18549,18569,21,,
1559,fly6,fly11,18556,18570,15,,
706,fly2,fly7,18557,18592,36,,
913,fly11,fly6,18557,18571,15,,
2610,fly5,fly10,18566,18604,39,,
252,fly9,fly10,18577,18613,37,,
216,fly9,fly5,18577,18613,37,,
2404,fly5,fly9,18580,18656,77,,
866,fly11,fly12,18582,18615,34,,
2147,fly7,fly2,18590,18609,20,,
1877,fly4,fly11,18601,18631,31,,
2148,fly7,fly2,18615,18630,16,,
707,fly2,fly7,18617,18636,20,,
123,fly9,fly1,18618,19074,457,,
452,fly3,fly7,18654,18685,32,,
2112,fly7,fly3,18654,18701,48,,
1995,fly4,fly5,18681,18739,59,,
2405,fly5,fly9,18701,18727,27,,
1969,fly4,fly7,18714,18735,22,,
2535,fly5,fly4,18728,18755,28,,
2569,fly5,fly7,18734,18755,22,,
2328,fly7,fly5,18738,18755,18,,
1800,fly4,fly9,18739,18752,14,,
2406,fly5,fly9,18748,18820,73,,
1046,fly11,fly10,18751,18768,18,,
164,fly9,fly4,18753,19045,293,,
1605,fly6,fly12,18810,18839,30,,
217,fly9,fly5,18819,18850,32,,
2407,fly5,fly9,18824,18850,27,,
2958,fly10,fly11,18830,18864,35,,
1996,fly4,fly5,18832,18856,25,,
2536,fly5,fly4,18834,18902,69,,
1606,fly6,fly12,18842,18864,23,,
218,fly9,fly5,18854,18956,103,,
2976,fly10,fly12,18856,18898,43,,
1997,fly4,fly5,18862,18878,17,,
3030,fly10,fly6,18884,18929,46,,
1772,fly6,fly10,18884,18897,14,,
1607,fly6,fly12,18930,18946,17,,
2570,fly5,fly7,18957,19028,72,,
2329,fly7,fly5,18957,18973,17,,
914,fly11,fly6,18996,19045,50,,
1560,fly6,fly11,18997,19044,48,,
2959,fly10,fly11,19010,19280,271,,
1285,fly12,fly8,19012,19046,35,,
2330,fly7,fly5,19013,19046,34,,
2296,fly7,fly4,19013,19036,24,,
2537,fly5,fly4,19020,19055,36,,
2075,fly7,fly9,19021,19038,18,,
219,fly9,fly5,19032,19048,17,,
2490,fly5,fly1,19034,19051,18,,
1970,fly4,fly7,19040,19074,35,,
2571,fly5,fly7,19046,19063,18,,
1400,fly1,fly7,19059,19174,116,,
280,fly3,fly9,19081,19175,95,,
22,fly9,fly3,19084,19289,206,,
1773,fly6,fly10,19084,19104,21,,
1971,fly4,fly7,19088,19137,50,,
3031,fly10,fly6,19090,19106,17,,
1561,fly6,fly11,19096,19122,27,,
3032,fly10,fly6,19114,19141,28,,
1998,fly4,fly5,19142,19561,420,,
2687,fly8,fly11,19156,19172,17,,
2113,fly7,fly3,19172,19186,15,,
1047,fly11,fly10,19180,19283,104,,
2688,fly8,fly11,19189,19256,68,,
2207,fly7,fly12,19208,19237,30,,
1238,fly12,fly7,19222,19256,35,,
751,fly2,fly8,19236,19255,20,,
563,fly2,fly11,19249,19281,33,,
2931,fly10,fly2,19262,19306,45,,
776,fly2,fly10,19264,19327,64,,
1025,fly11,fly8,19275,19291,17,,
281,fly3,fly9,19288,19309,22,,
1048,fly11,fly10,19288,19333,46,,
843,fly11,fly2,19303,19352,50,,
564,fly2,fly11,19304,19327,24,,
1073,fly12,fly9,19314,19342,29,,
1158,fly12,fly1,19343,19478,136,,
1359,fly1,fly12,19347,19589,243,,
1049,fly11,fly10,19375,19402,28,,
974,fly11,fly7,19379,19415,37,,
2187,fly7,fly11,19380,19408,29,,
1218,fly12,fly4,19416,19529,114,,
1050,fly11,fly10,19419,19449,31,,
975,fly11,fly7,19438,19456,19,,
2382,fly7,fly10,19439,19454,16,,
282,fly3,fly9,19439,19465,27,,
3080,fly10,fly7,19444,19460,17,,
23,fly9,fly3,19461,19506,46,,
1903,fly4,fly12,19467,19550,84,,
1261,fly12,fly5,19468,19578,111,,
2149,fly7,fly2,19471,19487,17,,
708,fly2,fly7,19472,19493,22,,
2960,fly10,fly11,19489,19522,34,,
1713,fly6,fly5,19506,19536,31,,
2518,fly5,fly6,19507,19548,42,,
1191,fly12,fly6,19516,19604,89,,
1608,fly6,fly12,19517,19606,90,,
2482,fly5,fly12,19536,19578,43,,
2961,fly10,fly11,19538,19582,45,,
2519,fly5,fly6,19551,19629,79,,
844,fly11,fly2,19583,19607,25,,
2491,fly5,fly1,19586,19717,132,,
1622,fly6,fly1,19588,19619,32,,
1375,fly1,fly6,19607,19646,40,,
1286,fly12,fly8,19654,19702,49,,
2720,fly8,fly12,19655,19711,57,,
2354,fly7,fly8,19664,19723,60,,
2208,fly7,fly12,19705,19718,14,,
53,fly9,fly2,19708,19728,21,,
2815,fly8,fly7,19723,19812,90,,
2226,fly7,fly1,19725,19825,101,,
1401,fly1,fly7,19728,19817,90,,
139,fly9,fly6,19731,19747,17,,
54,fly9,fly2,19765,19784,20,,
513,fly2,fly9,19766,19783,18,,
1490,fly6,fly3,19770,19785,16,,
2520,fly5,fly6,19789,19847,59,,
2261,fly7,fly6,19830,19859,30,,
1677,fly6,fly7,19830,19856,27,,
2331,fly7,fly5,19833,19849,17,,
2332,fly7,fly5,19852,19865,14,,
78,fly9,fly11,19865,20178,314,,
2355,fly7,fly8,19883,19900,18,,
2816,fly8,fly7,19908,19925,18,,
1623,fly6,fly1,19916,20079,164,,
2435,fly5,fly2,19921,19956,36,,
1219,fly12,fly4,19925,19954,30,,
2521,fly5,fly6,19970,20035,66,,
1904,fly4,fly12,19978,20007,30,,
1376,fly1,fly6,20055,20087,33,,
3056,fly10,fly4,20057,20138,82,,
2262,fly7,fly6,20061,20100,40,,
2522,fly5,fly6,20089,20122,34,,
1878,fly4,fly11,20090,20156,67,,
941,fly11,fly4,20090,20159,70,,
2721,fly8,fly12,20098,20129,32,,
1678,fly6,fly7,20100,20115,16,,
2572,fly5,fly7,20122,20290,169,,
1491,fly6,fly3,20149,20195,47,,
395,fly3,fly6,20149,20183,35,,
1051,fly11,fly10,20156,20217,62,,
2962,fly10,fly11,20156,20192,37,,
165,fly9,fly4,20167,20192,26,,
79,fly9,fly11,20190,20331,142,,
1849,fly4,fly2,20209,20228,20,,
55,fly9,fly2,20256,20288,33,,
565,fly2,fly11,20260,20290,31,,
1646,fly6,fly4,20308,20367,60,,
1052,fly11,fly10,20345,20388,44,,
2883,fly10,fly9,20401,20490,90,,
1562,fly6,fly11,20405,20462,58,,
189,fly9,fly7,20427,20456,30,,
239,fly9,fly8,20430,20463,34,,
2076,fly7,fly9,20431,20460,30,,
3111,fly10,fly8,20446,20470,25,,
253,fly9,fly10,20454,20529,76,,
3081,fly10,fly7,20479,20497,19,,
2627,fly8,fly9,20480,20498,19,,
2817,fly8,fly7,20484,20506,23,,
190,fly9,fly7,20485,20514,30,,
1774,fly6,fly10,20517,20558,42,,
140,fly9,fly6,20517,20557,41,,
2077,fly7,fly9,20532,20578,47,,
2884,fly10,fly9,20536,20562,27,,
254,fly9,fly10,20536,20566,31,,
1459,fly6,fly9,20540,20553,14,,
1999,fly4,fly5,20553,20617,65,,
2492,fly5,fly1,20564,20795,232,,
3033,fly10,fly6,20565,20581,17,,
191,fly9,fly7,20574,20588,15,,
2383,fly7,fly10,20586,20666,81,,
1915,fly4,fly1,20592,20614,23,,
1387,fly1,fly4,20594,20609,16,,
3082,fly10,fly7,20598,20619,22,,
1411,fly1,fly5,20600,20793,194,,
653,fly2,fly6,20600,20631,32,,
2538,fly5,fly4,20604,20618,15,,
3083,fly10,fly7,20667,20689,23,,
2932,fly10,fly2,20691,20710,20,,
777,fly2,fly10,20692,20726,35,,
423,fly3,fly4,20692,20710,19,,
1828,fly4,fly3,20692,20726,35,,
2933,fly10,fly2,20712,20745,34,,
1295,fly12,fly10,20715,20768,54,,
424,fly3,fly4,20719,20736,18,,
709,fly2,fly7,20725,20746,22,,
367,fly3,fly1,20740,20785,46,,
1321,fly1,fly3,20743,20790,48,,
2150,fly7,fly2,20744,20770,27,,
1679,fly6,fly7,20746,20831,86,,
2418,fly5,fly3,20767,20788,22,,
468,fly3,fly5,20767,20818,52,,
2977,fly10,fly12,20791,20805,15,,
1850,fly4,fly2,20856,20902,47,,
240,fly9,fly8,20862,20886,25,,
1287,fly12,fly8,20935,20969,35,,
2263,fly7,fly6,20948,20997,50,,
2078,fly7,fly9,20968,20985,18,,
2934,fly10,fly2,20970,20984,15,,
2079,fly7,fly9,20989,21006,18,,
192,fly9,fly7,20996,21010,15,,
2333,fly7,fly5,21019,21039,21,,
1680,fly6,fly7,21021,21075,55,,
2791,fly8,fly4,21030,21069,40,,
2029,fly4,fly8,21030,21069,40,,
255,fly9,fly10,21091,21127,37,,
2885,fly10,fly9,21091,21111,21,,
354,fly3,fly12,21136,21205,70,,
453,fly3,fly7,21141,21163,23,,
2886,fly10,fly9,21144,21189,46,,
2660,fly8,fly2,21148,21200,53,,
1681,fly6,fly7,21151,21167,17,,
1092,fly12,fly3,21161,21183,23,,
1412,fly1,fly5,21181,21635,455,,
2209,fly7,fly12,21187,21223,37,,
752,fly2,fly8,21196,21215,20,,
2114,fly7,fly3,21198,21219,22,,
1093,fly12,fly3,21209,21296,88,,
1220,fly12,fly4,21229,21267,39,,
1905,fly4,fly12,21242,21267,26,,
2818,fly8,fly7,21259,21306,48,,
2356,fly7,fly8,21265,21306,42,,
2611,fly5,fly10,21293,21453,161,,
2151,fly7,fly2,21305,21333,29,,
710,fly2,fly7,21306,21325,20,,
355,fly3,fly12,21309,21346,38,,
1647,fly6,fly4,21344,21365,22,,
1151,fly12,fly11,21353,21565,213,,
1936,fly4,fly6,21357,21403,47,,
3057,fly10,fly4,21394,21435,42,,
2000,fly4,fly5,21399,21444,46,,
2047,fly4,fly10,21401,21416,16,,
2048,fly4,fly10,21422,21451,30,,
2539,fly5,fly4,21425,21444,20,,
1026,fly11,fly8,21468,21482,15,,
1801,fly4,fly9,21474,21524,51,,
166,fly9,fly4,21474,21537,64,,
867,fly11,fly12,21523,21649,127,,
2758,fly8,fly6,21534,21555,22,,
1741,fly6,fly8,21534,21550,17,,
313,fly3,fly2,21539,21588,50,,
541,fly2,fly3,21544,21600,57,,
167,fly9,fly4,21553,21634,82,,
1802,fly4,fly9,21558,21614,57,,
2759,fly8,fly6,21584,21603,20,,
2865,fly8,fly10,21674,21700,27,,
1314,fly1,fly9,21732,21984,253,,
2591,fly5,fly8,21818,21867,50,,
1775,fly6,fly10,21856,21895,40,,
2493,fly5,fly1,21859,21886,28,,
1972,fly4,fly7,21862,21911,50,,
2842,fly8,fly5,21885,21914,30,,
1829,fly4,fly3,21894,21926,33,,
1776,fly6,fly10,21898,21917,20,,
425,fly3,fly4,21910,21926,17,,
2494,fly5,fly1,21920,21933,14,,
124,fly9,fly1,21932,21949,18,,
220,fly9,fly5,21938,21989,52,,
2408,fly5,fly9,21940,21982,43,,
1777,fly6,fly10,21941,21960,20,,
1973,fly4,fly7,21943,21959,17,,
1778,fly6,fly10,21964,22017,54,,
125,fly9,fly1,21976,22005,30,,
3034,fly10,fly6,21993,22017,25,,
711,fly2,fly7,21997,22013,17,,
1315,fly1,fly9,22044,22170,127,,
2645,fly8,fly3,22049,22114,66,,
2963,fly10,fly11,22063,22168,106,,
1053,fly11,fly10,22066,22177,112,,
1682,fly6,fly7,22133,22193,61,,
2978,fly10,fly12,22191,22288,98,,
753,fly2,fly8,22198,22217,20,,
1683,fly6,fly7,22203,22222,20,,
2227,fly7,fly1,22212,22226,15,,
1714,fly6,fly5,22216,22281,66,,
454,fly3,fly7,22230,22269,40,,
1413,fly1,fly5,22237,22483,247,,
2523,fly5,fly6,22243,22285,43,,
2979,fly10,fly12,22290,22362,73,,
1054,fly11,fly10,22304,22356,53,,
1055,fly11,fly10,22365,22378,14,,
2115,fly7,fly3,22452,22472,21,,
2866,fly8,fly10,22452,22492,41,,
3112,fly10,fly8,22452,22530,79,,
1648,fly6,fly4,22480,22496,17,,
2116,fly7,fly3,22497,22535,39,,
2867,fly8,fly10,22511,22543,33,,
3035,fly10,fly6,22554,22595,42,,
1779,fly6,fly10,22555,22591,37,,
2540,fly5,fly4,22559,22608,50,,
1780,fly6,fly10,22598,22615,18,,
3036,fly10,fly6,22611,22626,16,,
2760,fly8,fly6,22618,22666,49,,
1742,fly6,fly8,22618,22681,64,,
3113,fly10,fly8,22626,22642,17,,
2541,fly5,fly4,22643,22924,282,,
2573,fly5,fly7,22662,22680,19,,
1974,fly4,fly7,22679,22698,20,,
256,fly9,fly10,22688,22715,28,,
2887,fly10,fly9,22688,22728,41,,
141,fly9,fly6,22716,22739,24,,
2819,fly8,fly7,22787,22824,38,,
2357,fly7,fly8,22787,22804,18,,
2689,fly8,fly11,22805,22894,90,,
257,fly9,fly10,22831,22853,23,,
2888,fly10,fly9,22831,22868,38,,
1460,fly6,fly9,22844,22871,28,,
1027,fly11,fly8,22854,22894,41,,
142,fly9,fly6,22864,22888,25,,
732,fly2,fly5,22871,22907,37,,
1851,fly4,fly2,22873,22934,62,,
2264,fly7,fly6,22903,22931,29,,
1684,fly6,fly7,22903,22966,64,,
733,fly2,fly5,22912,22925,14,,
670,fly2,fly4,22919,22933,15,,
497,fly3,fly10,22928,22977,50,,
2904,fly10,fly3,22935,22961,27,,
2001,fly4,fly5,22949,22963,15,,
1685,fly6,fly7,22968,22981,14,,
2265,fly7,fly6,23001,23044,44,,
1686,fly6,fly7,23001,23038,38,,
2628,fly8,fly9,23030,23088,59,,
1388,fly1,fly4,23042,23056,15,,
845,fly11,fly2,23081,23126,46,,
241,fly9,fly8,23082,23100,19,,
566,fly2,fly11,23092,23122,31,,
2049,fly4,fly10,23136,23204,69,,
2462,fly5,fly11,23154,23222,69,,
3058,fly10,fly4,23176,23205,30,,
1522,fly6,fly2,23203,23247,45,,
1094,fly12,fly3,23218,23258,41,,
356,fly3,fly12,23219,23255,37,,
2030,fly4,fly8,23225,23275,51,,
2524,fly5,fly6,23235,23270,36,,
2792,fly8,fly4,23248,23275,28,,
712,fly2,fly7,23249,23296,48,,
1523,fly6,fly2,23252,23276,25,,
357,fly3,fly12,23262,23287,26,,
1095,fly12,fly3,23270,23288,19,,
2525,fly5,fly6,23282,23303,22,,
1715,fly6,fly5,23293,23320,28,,
1028,fly11,fly8,23418,23483,66,,
2690,fly8,fly11,23419,23509,91,,
426,fly3,fly4,23459,23487,29,,
2297,fly7,fly4,23492,23557,66,,
3037,fly10,fly6,23492,23524,33,,
1029,fly11,fly8,23494,23511,18,,
1975,fly4,fly7,23495,23524,30,,
793,fly11,fly9,23511,23531,21,,
80,fly9,fly11,23512,23530,19,,
1976,fly4,fly7,23534,23557,24,,
1624,fly6,fly1,23566,23596,31,,
1743,fly6,fly8,23570,23615,46,,
2761,fly8,fly6,23570,23615,46,,
1121,fly12,fly2,23572,23611,40,,
2868,fly8,fly10,23575,23597,23,,
1781,fly6,fly10,23575,23610,36,,
2732,fly8,fly1,23585,23660,76,,
1419,fly1,fly8,23648,23672,25,,
1262,fly12,fly5,23652,24295,644,,
2722,fly8,fly12,23656,23674,19,,
2592,fly5,fly8,23697,23733,37,,
2483,fly5,fly12,23719,24039,321,,
713,fly2,fly7,23735,23748,14,,
2152,fly7,fly2,23746,23774,29,,
794,fly11,fly9,23747,23772,26,,
2117,fly7,fly3,23763,23784,22,,
455,fly3,fly7,23766,23790,25,,
81,fly9,fly11,23776,23855,80,,
1625,fly6,fly1,23793,23806,14,,
1782,fly6,fly10,23796,23825,30,,
3038,fly10,fly6,23814,23831,18,,
1977,fly4,fly7,23866,23981,116,,
1440,fly1,fly10,23874,23968,95,,
2031,fly4,fly8,23882,23895,14,,
2820,fly8,fly7,23896,23909,14,,
795,fly11,fly9,23914,24144,231,,
3003,fly10,fly1,23925,24040,116,,
1441,fly1,fly10,23974,24020,47,,
396,fly3,fly6,23978,23991,14,,
56,fly9,fly2,23984,24026,43,,
2298,fly7,fly4,24014,24039,26,,
846,fly11,fly2,24021,24037,17,,
143,fly9,fly6,24049,24122,74,,
2153,fly7,fly2,24106,24130,25,,
2484,fly5,fly12,24108,24138,31,,
2485,fly5,fly12,24145,24218,74,,
1461,fly6,fly9,24150,24234,85,,
976,fly11,fly7,24151,24199,49,,
2188,fly7,fly11,24161,24192,32,,
2762,fly8,fly6,24190,24219,30,,
2080,fly7,fly9,24190,24207,18,,
915,fly11,fly6,24196,24220,25,,
1563,fly6,fly11,24200,24249,50,,
796,fly11,fly9,24203,24227,25,,
2691,fly8,fly11,24214,24251,38,,
2793,fly8,fly4,24260,24301,42,,
2032,fly4,fly8,24261,24305,45,,
2763,fly8,fly6,24261,24296,36,,
1937,fly4,fly6,24264,24311,48,,
594,fly2,fly12,24268,24356,89,,
1649,fly6,fly4,24280,24313,34,,
1744,fly6,fly8,24310,24338,29,,
1745,fly6,fly8,24347,24366,20,,
977,fly11,fly7,24347,24372,26,,
2905,fly10,fly3,24379,24406,28,,
498,fly3,fly10,24379,24406,28,,
2266,fly7,fly6,24396,24410,15,,
126,fly9,fly1,24397,24499,103,,
942,fly11,fly4,24399,24428,30,,
1687,fly6,fly7,24413,24429,17,,
1879,fly4,fly11,24416,24497,82,,
2358,fly7,fly8,24429,24501,73,,
2419,fly5,fly3,24515,24600,86,,
2359,fly7,fly8,24521,24536,16,,
797,fly11,fly9,24522,24539,18,,
714,fly2,fly7,24537,24589,53,,
1096,fly12,fly3,24547,24597,51,,
943,fly11,fly4,24557,24703,147,,
1880,fly4,fly11,24559,24606,48,,
469,fly3,fly5,24586,24600,15,,
1239,fly12,fly7,24603,24619,17,,
2210,fly7,fly12,24613,24753,141,,
2574,fly5,fly7,24614,24770,157,,
1240,fly12,fly7,24625,24640,16,,
1241,fly12,fly7,24642,24783,142,,
1462,fly6,fly9,24664,24686,23,,
542,fly2,fly3,24681,24695,15,,
1524,fly6,fly2,24687,24700,14,,
57,fly9,fly2,24688,24703,16,,
144,fly9,fly6,24694,24748,55,,
24,fly9,fly3,24697,24723,27,,
397,fly3,fly6,24699,24736,38,,
283,fly3,fly9,24702,24722,21,,
1192,fly12,fly6,24750,24804,55,,
1609,fly6,fly12,24750,24772,23,,
2267,fly7,fly6,24752,24776,25,,
879,fly11,fly1,24752,24792,41,,
1688,fly6,fly7,24758,24774,17,,
1852,fly4,fly2,24773,24790,18,,
671,fly2,fly4,24774,24792,19,,
1689,fly6,fly7,24784,24805,22,,
2268,fly7,fly6,24792,24826,35,,
1352,fly1,fly11,24803,24853,51,,
2334,fly7,fly5,24816,24833,18,,
880,fly11,fly1,24829,24889,61,,
284,fly3,fly9,24831,24861,31,,
107,fly9,fly12,24833,24946,114,,
1296,fly12,fly10,24845,24861,17,,
567,fly2,fly11,24856,24891,36,,
847,fly11,fly2,24856,24871,16,,
2360,fly7,fly8,24861,24904,44,,
2821,fly8,fly7,24861,24901,41,,
1297,fly12,fly10,24865,24885,21,,
285,fly3,fly9,24865,24880,16,,
145,fly9,fly6,24873,24956,84,,
1610,fly6,fly12,24876,24976,101,,
1298,fly12,fly10,24904,24993,90,,
427,fly3,fly4,24921,24942,22,,
2980,fly10,fly12,24930,25043,114,,
1463,fly6,fly9,24932,24957,26,,
1830,fly4,fly3,24938,24994,57,,
168,fly9,fly4,24939,24963,25,,
25,fly9,fly3,24946,24966,21,,
1803,fly4,fly9,24965,24982,18,,
1193,fly12,fly6,24973,25005,33,,
108,fly9,fly12,24975,25203,229,,
3039,fly10,fly6,24975,24999,25,,
1074,fly12,fly9,24978,25529,552,,
146,fly9,fly6,24978,24999,22,,
26,fly9,fly3,24989,25016,28,,
258,fly9,fly10,25006,25019,14,,
2889,fly10,fly9,25006,25061,56,,
2002,fly4,fly5,25011,25047,37,,
1299,fly12,fly10,25017,25062,46,,
2822,fly8,fly7,25029,25056,28,,
2361,fly7,fly8,25029,25089,61,,
2823,fly8,fly7,25061,25088,28,,
2981,fly10,fly12,25064,25260,197,,
2661,fly8,fly2,25113,25195,83,,
820,fly11,fly3,25147,25218,72,,
331,fly3,fly11,25147,25186,40,,
2575,fly5,fly7,25158,25172,15,,
754,fly2,fly8,25179,25196,18,,
193,fly9,fly7,25201,25215,15,,
109,fly9,fly12,25231,25475,245,,
672,fly2,fly4,25232,25255,24,,
332,fly3,fly11,25263,25310,48,,
821,fly11,fly3,25275,25296,22,,
978,fly11,fly7,25297,25326,30,,
2189,fly7,fly11,25303,25329,27,,
2436,fly5,fly2,25312,25329,18,,
499,fly3,fly10,25314,25353,40,,
2906,fly10,fly3,25327,25354,28,,
1056,fly11,fly10,25338,25407,70,,
1626,fly6,fly1,25344,25363,20,,
2964,fly10,fly11,25353,25390,38,,
1377,fly1,fly6,25370,25554,185,,
1627,fly6,fly1,25394,25556,163,,
1402,fly1,fly7,25436,25452,17,,
734,fly2,fly5,25451,25483,33,,
58,fly9,fly2,25497,25514,18,,
27,fly9,fly3,25515,25528,14,,
286,fly3,fly9,25519,25569,51,,
470,fly3,fly5,25573,25645,73,,
848,fly11,fly2,25595,25609,15,,
568,fly2,fly11,25595,25627,33,,
2299,fly7,fly4,25636,25675,40,,
2733,fly8,fly1,25650,25678,29,,
1420,fly1,fly8,25654,25705,52,,
1690,fly6,fly7,25701,25756,56,,
1421,fly1,fly8,25715,26022,308,,
1339,fly1,fly2,25741,25758,18,,
2662,fly8,fly2,25756,25772,17,,
471,fly3,fly5,25827,25864,38,,
287,fly3,fly9,25835,25886,52,,
2384,fly7,fly10,25841,25854,14,,
1492,fly6,fly3,25874,25903,30,,
398,fly3,fly6,25884,25902,19,,
1493,fly6,fly3,25930,25963,34,,
2824,fly8,fly7,25959,26007,49,,
3059,fly10,fly4,25985,26165,181,,
1097,fly12,fly3,25993,26011,19,,
1194,fly12,fly6,26001,26111,111,,
1403,fly1,fly7,26001,26021,21,,
358,fly3,fly12,26003,26026,24,,
359,fly3,fly12,26028,26143,116,,
778,fly2,fly10,26032,26058,27,,
399,fly3,fly6,26045,26068,24,,
2935,fly10,fly2,26053,26082,30,,
673,fly2,fly4,26066,26142,77,,
400,fly3,fly6,26070,26120,51,,
2890,fly10,fly9,26075,26124,50,,
1853,fly4,fly2,26115,26155,41,,
259,fly9,fly10,26122,26148,27,,
2891,fly10,fly9,26126,26164,39,,
916,fly11,fly6,26130,26154,25,,
1564,fly6,fly11,26137,26153,17,,
2936,fly10,fly2,26157,26282,126,,
2050,fly4,fly10,26170,26183,14,,
2269,fly7,fly6,26172,26189,18,,
2409,fly5,fly9,26175,26202,28,,
260,fly9,fly10,26194,26288,95,,
2003,fly4,fly5,26202,26233,32,,
2410,fly5,fly9,26228,26271,44,,
360,fly3,fly12,26250,26758,509,,
1221,fly12,fly4,26272,26304,33,,
1691,fly6,fly7,26273,26345,73,,
428,fly3,fly4,26278,26312,35,,
2937,fly10,fly2,26337,26368,32,,
2437,fly5,fly2,26349,26394,46,,
2228,fly7,fly1,26392,26415,24,,
1831,fly4,fly3,26404,26443,40,,
944,fly11,fly4,26409,26503,95,,
333,fly3,fly11,26426,26567,142,,
1881,fly4,fly11,26429,26503,75,,
1122,fly12,fly2,26433,26449,17,,
2612,fly5,fly10,26445,26497,53,,
917,fly11,fly6,26463,26585,123,,
849,fly11,fly2,26472,26549,78,,
543,fly2,fly3,26473,26522,50,,
1854,fly4,fly2,26474,26500,27,,
569,fly2,fly11,26488,26548,61,,
1650,fly6,fly4,26489,26518,30,,
1938,fly4,fly6,26494,26528,35,,
1525,fly6,fly2,26511,26577,67,,
654,fly2,fly6,26535,26575,41,,
674,fly2,fly4,26576,26602,27,,
401,fly3,fly6,26597,26695,99,,
1565,fly6,fly11,26607,26780,174,,
1916,fly4,fly1,26630,26658,29,,
1389,fly1,fly4,26631,26665,35,,
3095,fly10,fly5,26633,26670,38,,
1494,fly6,fly3,26678,26749,72,,
2385,fly7,fly10,26709,26734,26,,
3084,fly10,fly7,26742,26768,27,,
822,fly11,fly3,26765,26779,15,,
616,fly2,fly1,26766,26809,44,,
1340,fly1,fly2,26766,26800,35,,
823,fly11,fly3,26793,26887,95,,
2843,fly8,fly5,26794,26838,45,,
2593,fly5,fly8,26794,26883,90,,
334,fly3,fly11,26799,26846,48,,
169,fly9,fly4,26815,26828,14,,
2211,fly7,fly12,26852,26899,48,,
2844,fly8,fly5,26854,26886,33,,
456,fly3,fly7,26855,26868,14,,
1628,fly6,fly1,26874,26935,62,,
1378,fly1,fly6,26875,26911,37,,
2118,fly7,fly3,26909,26924,16,,
457,fly3,fly7,26917,26946,30,,
361,fly3,fly12,26927,26965,39,,
2190,fly7,fly11,26932,26948,17,,
59,fly9,fly2,26933,26950,18,,
1098,fly12,fly3,26933,26974,42,,
2212,fly7,fly12,26943,26960,18,,
1242,fly12,fly7,26946,26977,32,,
2845,fly8,fly5,26966,26991,26,,
2613,fly5,fly10,26976,27000,25,,
2213,fly7,fly12,26993,27044,52,,
2614,fly5,fly10,27008,27334,327,,
1464,fly6,fly9,27009,27034,26,,
1243,fly12,fly7,27019,27047,29,,
147,fly9,fly6,27023,27051,29,,
3060,fly10,fly4,27054,27118,65,,
1244,fly12,fly7,27067,27178,112,,
1152,fly12,fly11,27067,27128,62,,
868,fly11,fly12,27106,27128,23,,
2542,fly5,fly4,27109,27158,50,,
3061,fly10,fly4,27121,27144,24,,
2692,fly8,fly11,27153,27171,19,,
1316,fly1,fly9,27163,27193,31,,
2693,fly8,fly11,27209,27223,15,,
2543,fly5,fly4,27236,27845,610,,
1855,fly4,fly2,27272,27320,49,,
110,fly9,fly12,27302,27393,92,,
1075,fly12,fly9,27314,27586,273,,
798,fly11,fly9,27318,27601,284,,
755,fly2,fly8,27373,27400,28,,
82,fly9,fly11,27376,27425,50,,
2663,fly8,fly2,27388,27419,32,,
1939,fly4,fly6,27394,27458,65,,
2846,fly8,fly5,27415,27532,118,,
2794,fly8,fly4,27431,27463,33,,
2594,fly5,fly8,27438,27531,94,,
83,fly9,fly11,27455,27495,41,,
2795,fly8,fly4,27468,27596,129,,
2764,fly8,fly6,27470,27488,19,,
2033,fly4,fly8,27470,27609,140,,
111,fly9,fly12,27496,27590,95,,
490,fly3,fly8,27612,27646,35,,
850,fly11,fly2,27622,27637,16,,
1123,fly12,fly2,27632,27653,22,,
570,fly2,fly11,27633,27647,15,,
1153,fly12,fly11,27639,27660,22,,
595,fly2,fly12,27648,27697,50,,
1341,fly1,fly2,27653,27680,28,,
1404,fly1,fly7,27655,27670,16,,
1566,fly6,fly11,27657,27687,31,,
617,fly2,fly1,27657,27691,35,,
1360,fly1,fly12,27664,27699,36,,
1159,fly12,fly1,27671,27699,29,,
1405,fly1,fly7,27686,27714,29,,
2154,fly7,fly2,27698,27756,59,,
2214,fly7,fly12,27700,27730,31,,
2229,fly7,fly1,27702,27715,14,,
1124,fly12,fly2,27703,27717,15,,
1361,fly1,fly12,27706,28329,624,,
1567,fly6,fly11,27714,27749,36,,
596,fly2,fly12,27717,27764,48,,
979,fly11,fly7,27719,27755,37,,
1692,fly6,fly7,27728,27753,26,,
1160,fly12,fly1,27736,27831,96,,
918,fly11,fly6,27739,27759,21,,
2270,fly7,fly6,27748,27775,28,,
851,fly11,fly2,27769,27794,26,,
1568,fly6,fly11,27774,27809,36,,
2300,fly7,fly4,27783,27797,15,,
2362,fly7,fly8,27825,27848,24,,
2825,fly8,fly7,27825,27861,37,,
1161,fly12,fly1,27834,27855,22,,
2463,fly5,fly11,27845,27872,28,,
2464,fly5,fly11,27880,27896,17,,
999,fly11,fly5,27885,27899,15,,
2544,fly5,fly4,27886,27973,88,,
1125,fly12,fly2,27904,27923,20,,
779,fly2,fly10,27904,27931,28,,
945,fly11,fly4,27910,27995,86,,
1000,fly11,fly5,27928,27941,14,,
2465,fly5,fly11,27929,27990,62,,
28,fly9,fly3,27931,27945,15,,
1300,fly12,fly10,27969,27984,16,,
1001,fly11,fly5,27971,27989,19,,
1882,fly4,fly11,27979,28008,30,,
2004,fly4,fly5,28017,28037,21,,
2545,fly5,fly4,28027,28046,20,,
1030,fly11,fly8,28034,28118,85,,
2982,fly10,fly12,28063,28121,59,,
1162,fly12,fly1,28074,28250,177,,
2546,fly5,fly4,28081,28095,15,,
1301,fly12,fly10,28105,28122,18,,
1651,fly6,fly4,28117,28203,87,,
780,fly2,fly10,28152,28184,33,,
1526,fly6,fly2,28165,28186,22,,
1940,fly4,fly6,28194,28248,55,,
675,fly2,fly4,28195,28221,27,,
1856,fly4,fly2,28204,28230,27,,
655,fly2,fly6,28209,28229,21,,
1527,fly6,fly2,28221,28258,38,,
3062,fly10,fly4,28234,28248,15,,
2938,fly10,fly2,28249,28317,69,,
1222,fly12,fly4,28251,28403,153,,
1941,fly4,fly6,28256,28292,37,,
781,fly2,fly10,28259,28304,46,,
84,fly9,fly11,28259,28289,31,,
1528,fly6,fly2,28260,28328,69,,
1379,fly1,fly6,28260,28366,107,,
1906,fly4,fly12,28268,28403,136,,
1917,fly4,fly1,28272,28296,25,,
3085,fly10,fly7,28286,28332,47,,
715,fly2,fly7,28290,28434,145,,
1942,fly4,fly6,28294,28358,65,,
2386,fly7,fly10,28296,28332,37,,
1918,fly4,fly1,28298,28328,31,,
1126,fly12,fly2,28303,28441,139,,
1693,fly6,fly7,28309,28343,35,,
1857,fly4,fly2,28322,28399,78,,
1245,fly12,fly7,28333,28434,102,,
362,fly3,fly12,28336,28381,46,,
656,fly2,fly6,28339,28407,69,,
368,fly3,fly1,28341,28467,127,,
1978,fly4,fly7,28344,28360,17,,
597,fly2,fly12,28345,28416,72,,
618,fly2,fly1,28347,28394,48,,
1322,fly1,fly3,28359,28429,71,,
2271,fly7,fly6,28362,28438,77,,
1979,fly4,fly7,28378,28398,21,,
1919,fly4,fly1,28394,28426,33,,
1832,fly4,fly3,28404,28429,26,,
429,fly3,fly4,28405,28429,25,,
1195,fly12,fly6,28409,28441,33,,
2215,fly7,fly12,28419,28444,26,,
363,fly3,fly12,28426,28481,56,,
1390,fly1,fly4,28427,28573,147,,
1920,fly4,fly1,28431,28574,144,,
2230,fly7,fly1,28433,28450,18,,
1611,fly6,fly12,28434,28799,366,,
1495,fly6,fly3,28436,28586,151,,
402,fly3,fly6,28437,28492,56,,
2155,fly7,fly2,28441,28455,15,,
1163,fly12,fly1,28442,28799,358,,
1099,fly12,fly3,28442,28799,358,,
598,fly2,fly12,28442,28463,22,,
1127,fly12,fly2,28448,28517,70,,
619,fly2,fly1,28450,28634,185,,
314,fly3,fly2,28452,28546,95,,
544,fly2,fly3,28453,28545,93,,
676,fly2,fly4,28455,28472,18,,
430,fly3,fly4,28467,28545,79,,
1833,fly4,fly3,28467,28545,79,,
369,fly3,fly1,28471,28484,14,,
370,fly3,fly1,28486,28500,15,,
599,fly2,fly12,28488,28508,21,,
371,fly3,fly1,28502,28799,298,,
677,fly2,fly4,28541,28575,35,,
1342,fly1,fly2,28571,28584,14,,
1031,fly11,fly8,28572,28595,24,,
2694,fly8,fly11,28572,28593,22,,
2615,fly5,fly10,28574,28621,48,,
3096,fly10,fly5,28575,28600,26,,
1883,fly4,fly11,28637,28661,25,,
946,fly11,fly4,28637,28799,163,,
2387,fly7,fly10,28719,28749,31,,
3086,fly10,fly7,28731,28750,20,,
3040,fly10,fly6,28782,28799,18,,
